-- phpMyAdmin SQL Dump
-- version 4.6.5.2
-- https://www.phpmyadmin.net/
--
-- Host: 127.0.0.1
-- Generation Time: Nov 14, 2017 at 10:23 AM
-- Server version: 10.1.21-MariaDB
-- PHP Version: 7.1.1

SET SQL_MODE = "NO_AUTO_VALUE_ON_ZERO";
SET time_zone = "+00:00";


/*!40101 SET @OLD_CHARACTER_SET_CLIENT=@@CHARACTER_SET_CLIENT */;
/*!40101 SET @OLD_CHARACTER_SET_RESULTS=@@CHARACTER_SET_RESULTS */;
/*!40101 SET @OLD_COLLATION_CONNECTION=@@COLLATION_CONNECTION */;
/*!40101 SET NAMES utf8mb4 */;

--
-- Database: `resto`
--

-- --------------------------------------------------------

--
-- Table structure for table `captcha`
--

CREATE TABLE `captcha` (
  `captcha_id` bigint(13) UNSIGNED NOT NULL,
  `captcha_time` int(10) UNSIGNED NOT NULL,
  `ip_address` varchar(45) NOT NULL,
  `word` varchar(20) NOT NULL
) ENGINE=InnoDB DEFAULT CHARSET=utf8;

--
-- Dumping data for table `captcha`
--

INSERT INTO `captcha` (`captcha_id`, `captcha_time`, `ip_address`, `word`) VALUES
(39, 1510573939, '192.168.3.98', 'UDW');

-- --------------------------------------------------------

--
-- Table structure for table `ci_sessions`
--

CREATE TABLE `ci_sessions` (
  `id` varchar(128) NOT NULL,
  `ip_address` varchar(45) NOT NULL,
  `timestamp` int(10) UNSIGNED NOT NULL DEFAULT '0',
  `data` blob NOT NULL
) ENGINE=InnoDB DEFAULT CHARSET=utf8;

--
-- Dumping data for table `ci_sessions`
--

INSERT INTO `ci_sessions` (`id`, `ip_address`, `timestamp`, `data`) VALUES
('0p78i9ldm24tnqek8n8tfp10678vj159', '::1', 1510196063, 0x5f5f63695f6c6173745f726567656e65726174657c693a313531303139363036333b766370747c643a313531303139343435303b6c6f67696e7c623a313b757365726e616d657c733a3137323a22396139356163343963633234356166666536373364396534646535623962616135313937326236363962643964653034653630353264623836653438636433386262663265356630396362383838306238303965636531656136653762663136663138313430626634373534353036326534663635663961303638663165663045725471773630336277583467394762514e4c495344565a4a32744c7a5162544f614147345531305051773d223b70617373776f72647c733a3231363a22383263393331313962666464346435646335356138633138643966663235363736653838386337633361623961383261633764633839333236613564323033303865393465326365333739303335383762393764623564396339616463333064616339333135323939636665323532646234663234656231653736306164623044756f774b427679572f2b6c6a6e41563335356659732b6c4637307a7a797762766444685467425959534c7432483479315a586649374a7853646741415a58374e347041584a556b62333733664554484b47312b6b673d3d223b6c6576656c757365727c733a3137323a2232626535613533306361313235663238616164336464396133383463626466386133326363623531383865333739633535313063373637626566323933393432323263656437636262613664623936303030663264343134363063383030313361376234326135376533626530616639356433313065666232396536396266343036494851733737566173704d4c6f734555706158754d2f437061714357447279634e6d44394b7a5751593d223b),
('2378eflrpqteejn7695lgei12qpk2nmi', '::1', 1510199420, 0x5f5f63695f6c6173745f726567656e65726174657c693a313531303139393432303b766370747c643a313531303139343435303b6c6f67696e7c623a313b757365726e616d657c733a3137323a22396139356163343963633234356166666536373364396534646535623962616135313937326236363962643964653034653630353264623836653438636433386262663265356630396362383838306238303965636531656136653762663136663138313430626634373534353036326534663635663961303638663165663045725471773630336277583467394762514e4c495344565a4a32744c7a5162544f614147345531305051773d223b70617373776f72647c733a3231363a22383263393331313962666464346435646335356138633138643966663235363736653838386337633361623961383261633764633839333236613564323033303865393465326365333739303335383762393764623564396339616463333064616339333135323939636665323532646234663234656231653736306164623044756f774b427679572f2b6c6a6e41563335356659732b6c4637307a7a797762766444685467425959534c7432483479315a586649374a7853646741415a58374e347041584a556b62333733664554484b47312b6b673d3d223b6c6576656c757365727c733a3137323a2232626535613533306361313235663238616164336464396133383463626466386133326363623531383865333739633535313063373637626566323933393432323263656437636262613664623936303030663264343134363063383030313361376234326135376533626530616639356433313065666232396536396266343036494851733737566173704d4c6f734555706158754d2f437061714357447279634e6d44394b7a5751593d223b),
('35l09m75tcjvquo6ccfi2l4ljl7srs3v', '::1', 1510128704, 0x5f5f63695f6c6173745f726567656e65726174657c693a313531303132383730343b766370747c643a313531303130383731393b6c6f67696e7c623a313b757365726e616d657c733a3137323a2232333665656137323966623837346166643033363763346665373432623635303538333136333136356434376431393437613063643037306661383933636163346563376463366331356461626262633263656464363163376265313431383236663838383736323934336132656235616438633063366130623236323538356d5a63455a2f78776931483074555033676e44524745624948466e6942556f574f6554586c5443574274673d223b70617373776f72647c733a3231363a223535663931626563366565396136386464623631633130393535633137303834383166393531626261323739373333656665626438313630393136386234383165383935343135643334633730383436313763393466303462393832343666613763303934396161323632633036623538663162373164333035383636366336363054675175447539575a466d613347596378382f4b6e424870636e51732f3031717748347a4d7a6e742f647a426a79784c773856767a4c774946426b333250574243703175512b523375313732374f33362b3958413d3d223b6c6576656c757365727c733a3137323a2237636232343737313932336239393861663836326239346165616436366136386164306633663730316166386164396333643332383836303235373564376137363165646339343063376237323264613866653862633531623036336434616136393965613737653866336363616530633431633863323166666533346132326459414e77746c3055742b4371346b686d51303571505a72454c4d7a547a6d57545664332f6f6641687a413d223b),
('3vv7svbq0p33s4j717fi0nqn55e91e99', '::1', 1510313261, 0x5f5f63695f6c6173745f726567656e65726174657c693a313531303331333235383b766370747c643a313531303331333236313b),
('5f06qhf4hppub3ql190g6q9ev3husok3', '::1', 1510221719, 0x5f5f63695f6c6173745f726567656e65726174657c693a313531303232313730373b766370747c643a313531303231373134343b6c6f67696e7c623a313b757365726e616d657c733a3137323a223936313930396439303236303662386165363963393862343833363539343065343339383061623463663061343735353863363835613432326162353136666435303531386461363531313131383339616236303634636465643436613737633461393035313830653237643537306234353462386632643265376163613061646d4e426a5069414a6f3064746d6273416539634f306f4754766d714550645743786d686b6d767a5a4a303d223b70617373776f72647c733a3231363a226264353436393733373935316333316632633137393434363963323362633434623364343965366438396462353566306434373166396661366538323461646430363535633131316632643632323962383663313763313066353839613537663564623361396439663838663563363439633763393663386236383562343464735778356d374b3457637430715a3350346959682f325a4b4c67426a4f777376567470633662334b494358303878647765384655555241546d355057466c6237394c2f665457534b38653379693767656c78435434773d3d223b6c6576656c757365727c733a3137323a2239386664346264316164663736393637666366643739366463366165326266363863333066343239326137613431383362353835346663396338656637323861613433316662386535623837653135353230373833316531653031306135383935613139643661636133383635623865363865366431633934336363653035666b36684476646c556f46496f526653545568666e474f3446527834562b3479532b566c47337063734b7a6b3d223b),
('6apkh29ba0f3mvj5g4t3aodf7i89s6sn', '::1', 1510128319, 0x5f5f63695f6c6173745f726567656e65726174657c693a313531303132383331393b766370747c643a313531303130383731393b6c6f67696e7c623a313b757365726e616d657c733a3137323a2232333665656137323966623837346166643033363763346665373432623635303538333136333136356434376431393437613063643037306661383933636163346563376463366331356461626262633263656464363163376265313431383236663838383736323934336132656235616438633063366130623236323538356d5a63455a2f78776931483074555033676e44524745624948466e6942556f574f6554586c5443574274673d223b70617373776f72647c733a3231363a223535663931626563366565396136386464623631633130393535633137303834383166393531626261323739373333656665626438313630393136386234383165383935343135643334633730383436313763393466303462393832343666613763303934396161323632633036623538663162373164333035383636366336363054675175447539575a466d613347596378382f4b6e424870636e51732f3031717748347a4d7a6e742f647a426a79784c773856767a4c774946426b333250574243703175512b523375313732374f33362b3958413d3d223b6c6576656c757365727c733a3137323a2237636232343737313932336239393861663836326239346165616436366136386164306633663730316166386164396333643332383836303235373564376137363165646339343063376237323264613866653862633531623036336434616136393965613737653866336363616530633431633863323166666533346132326459414e77746c3055742b4371346b686d51303571505a72454c4d7a547a6d57545664332f6f6641687a413d223b),
('7spo4p6kfdd7m4ghi6k2ig4lcdlv0evs', '::1', 1510130860, 0x5f5f63695f6c6173745f726567656e65726174657c693a313531303133303836303b766370747c643a313531303130383731393b6c6f67696e7c623a313b757365726e616d657c733a3137323a2232333665656137323966623837346166643033363763346665373432623635303538333136333136356434376431393437613063643037306661383933636163346563376463366331356461626262633263656464363163376265313431383236663838383736323934336132656235616438633063366130623236323538356d5a63455a2f78776931483074555033676e44524745624948466e6942556f574f6554586c5443574274673d223b70617373776f72647c733a3231363a223535663931626563366565396136386464623631633130393535633137303834383166393531626261323739373333656665626438313630393136386234383165383935343135643334633730383436313763393466303462393832343666613763303934396161323632633036623538663162373164333035383636366336363054675175447539575a466d613347596378382f4b6e424870636e51732f3031717748347a4d7a6e742f647a426a79784c773856767a4c774946426b333250574243703175512b523375313732374f33362b3958413d3d223b6c6576656c757365727c733a3137323a2237636232343737313932336239393861663836326239346165616436366136386164306633663730316166386164396333643332383836303235373564376137363165646339343063376237323264613866653862633531623036336434616136393965613737653866336363616530633431633863323166666533346132326459414e77746c3055742b4371346b686d51303571505a72454c4d7a547a6d57545664332f6f6641687a413d223b),
('7u1smd4c1hu06le6nb3hl48jli7mc584', '::1', 1510202866, 0x5f5f63695f6c6173745f726567656e65726174657c693a313531303230323836363b766370747c643a313531303139343435303b6c6f67696e7c623a313b757365726e616d657c733a3137323a22396139356163343963633234356166666536373364396534646535623962616135313937326236363962643964653034653630353264623836653438636433386262663265356630396362383838306238303965636531656136653762663136663138313430626634373534353036326534663635663961303638663165663045725471773630336277583467394762514e4c495344565a4a32744c7a5162544f614147345531305051773d223b70617373776f72647c733a3231363a22383263393331313962666464346435646335356138633138643966663235363736653838386337633361623961383261633764633839333236613564323033303865393465326365333739303335383762393764623564396339616463333064616339333135323939636665323532646234663234656231653736306164623044756f774b427679572f2b6c6a6e41563335356659732b6c4637307a7a797762766444685467425959534c7432483479315a586649374a7853646741415a58374e347041584a556b62333733664554484b47312b6b673d3d223b6c6576656c757365727c733a3137323a2232626535613533306361313235663238616164336464396133383463626466386133326363623531383865333739633535313063373637626566323933393432323263656437636262613664623936303030663264343134363063383030313361376234326135376533626530616639356433313065666232396536396266343036494851733737566173704d4c6f734555706158754d2f437061714357447279634e6d44394b7a5751593d223b),
('85hrku9k7l4cm07diedit4gvvbemmlvb', '::1', 1510210830, 0x5f5f63695f6c6173745f726567656e65726174657c693a313531303231303833303b766370747c643a313531303230333332383b6c6f67696e7c623a313b757365726e616d657c733a3137323a226236306632346265633930336365336464653533366662336137656662323164393361653733313561326239376639653237646433343133323639616435663031313233336564646630303263636233626233663439306564383239613535313134646533323962626535626231643838666535306261613866373132313061386e752b2b7374584269645756667057695332665730356f3576584f4f794734456369772b58526e6d51593d223b70617373776f72647c733a3231363a226235373439373062303731363065366361623161386461383233346238633639326163643361316566356434363835666336383566353931616262643033623362643261393233356561366230643938336335393663326539643932326534303765666338326365303839363931323034326130313064656137336139373563736e306e2f6f682b57704467734f2b4b575259574f475539466e2f574c575556416b4e59697930615377374f51586a563052432f4a6447386d2f376f376b4a55674b41487a626f69503033395355656b553039674f773d3d223b6c6576656c757365727c733a3137323a2233376239363566383931353061386532373435646137343838326266373634316539323536346430616265323239633837383462343339343863623533393032623935363962353563306634663033643636643561383839633838343336386366326237306566373961626165323332343862653964396163326563333963346477757a6d4332315871316434647148615630564543617376435a504e5644657871394a392f4d467869553d223b),
('8vcm19dadjun3r8drfiuttc1hug0h3qd', '::1', 1510211850, 0x5f5f63695f6c6173745f726567656e65726174657c693a313531303231313835303b766370747c643a313531303231313433373b6c6f67696e7c623a313b757365726e616d657c733a3137323a2233633933353164326361663830663763623939313332313338626163383434353138393831663065623034396634626166353335396335396661326133303563633237643363303765626136333037353563353632333331393164323862386466616238646133666564323034613933343235323635376664656538653138382b484f78344b50386534417844486d5a58684d635a6e657549666831716e50576661385448775273684e303d223b70617373776f72647c733a3231363a2264326564623661303036373931313434613039653561626663656535343065663038353231653236616264646330303666386364353236333330383063303931333363333431353562663465643237383163643037333735323337366632633632386130393934626535366333356433613563376534323932373763633938633672726570456e446a3342343747454a4664617234656c3067446371744f5858395437324d6b46794b4d4d43574b5a586b714533444b7444594e53524536555a6a784d526579497865563047314730796e65514a4b513d3d223b6c6576656c757365727c733a3137323a2231633232663065346636613135653430346431333932626439326435383237643336333965323731333266663963393862663066343933626261333032353164646332346335653935346230356663373661373938653839643734326330616262346430633934643462633336353030613338313363623762646165353937303056394177627863596d433173327a436a6159632f324373383835597a61793676334e485a334c634377453d223b),
('9dud2nlgo5hcdh301pgh9iktdt1ta9s6', '::1', 1510217458, 0x5f5f63695f6c6173745f726567656e65726174657c693a313531303231373435383b766370747c643a313531303231373134343b6c6f67696e7c623a313b757365726e616d657c733a3137323a223936313930396439303236303662386165363963393862343833363539343065343339383061623463663061343735353863363835613432326162353136666435303531386461363531313131383339616236303634636465643436613737633461393035313830653237643537306234353462386632643265376163613061646d4e426a5069414a6f3064746d6273416539634f306f4754766d714550645743786d686b6d767a5a4a303d223b70617373776f72647c733a3231363a226264353436393733373935316333316632633137393434363963323362633434623364343965366438396462353566306434373166396661366538323461646430363535633131316632643632323962383663313763313066353839613537663564623361396439663838663563363439633763393663386236383562343464735778356d374b3457637430715a3350346959682f325a4b4c67426a4f777376567470633662334b494358303878647765384655555241546d355057466c6237394c2f665457534b38653379693767656c78435434773d3d223b6c6576656c757365727c733a3137323a2239386664346264316164663736393637666366643739366463366165326266363863333066343239326137613431383362353835346663396338656637323861613433316662386535623837653135353230373833316531653031306135383935613139643661636133383635623865363865366431633934336363653035666b36684476646c556f46496f526653545568666e474f3446527834562b3479532b566c47337063734b7a6b3d223b),
('afaq9ova90erf48brtg7llabjj8t6a7k', '::1', 1510209924, 0x5f5f63695f6c6173745f726567656e65726174657c693a313531303230393932343b766370747c643a313531303230333332383b6c6f67696e7c623a313b757365726e616d657c733a3137323a226236306632346265633930336365336464653533366662336137656662323164393361653733313561326239376639653237646433343133323639616435663031313233336564646630303263636233626233663439306564383239613535313134646533323962626535626231643838666535306261613866373132313061386e752b2b7374584269645756667057695332665730356f3576584f4f794734456369772b58526e6d51593d223b70617373776f72647c733a3231363a226235373439373062303731363065366361623161386461383233346238633639326163643361316566356434363835666336383566353931616262643033623362643261393233356561366230643938336335393663326539643932326534303765666338326365303839363931323034326130313064656137336139373563736e306e2f6f682b57704467734f2b4b575259574f475539466e2f574c575556416b4e59697930615377374f51586a563052432f4a6447386d2f376f376b4a55674b41487a626f69503033395355656b553039674f773d3d223b6c6576656c757365727c733a3137323a2233376239363566383931353061386532373435646137343838326266373634316539323536346430616265323239633837383462343339343863623533393032623935363962353563306634663033643636643561383839633838343336386366326237306566373961626165323332343862653964396163326563333963346477757a6d4332315871316434647148615630564543617376435a504e5644657871394a392f4d467869553d223b),
('bv5hemvks3v7l6lrqmehiis4dj3c42md', '::1', 1510200216, 0x5f5f63695f6c6173745f726567656e65726174657c693a313531303230303231363b766370747c643a313531303139343435303b6c6f67696e7c623a313b757365726e616d657c733a3137323a22396139356163343963633234356166666536373364396534646535623962616135313937326236363962643964653034653630353264623836653438636433386262663265356630396362383838306238303965636531656136653762663136663138313430626634373534353036326534663635663961303638663165663045725471773630336277583467394762514e4c495344565a4a32744c7a5162544f614147345531305051773d223b70617373776f72647c733a3231363a22383263393331313962666464346435646335356138633138643966663235363736653838386337633361623961383261633764633839333236613564323033303865393465326365333739303335383762393764623564396339616463333064616339333135323939636665323532646234663234656231653736306164623044756f774b427679572f2b6c6a6e41563335356659732b6c4637307a7a797762766444685467425959534c7432483479315a586649374a7853646741415a58374e347041584a556b62333733664554484b47312b6b673d3d223b6c6576656c757365727c733a3137323a2232626535613533306361313235663238616164336464396133383463626466386133326363623531383865333739633535313063373637626566323933393432323263656437636262613664623936303030663264343134363063383030313361376234326135376533626530616639356433313065666232396536396266343036494851733737566173704d4c6f734555706158754d2f437061714357447279634e6d44394b7a5751593d223b),
('d993vvpc4bkogbe3dl4s4hleliftqvga', '::1', 1510195702, 0x5f5f63695f6c6173745f726567656e65726174657c693a313531303139353730323b766370747c643a313531303139343435303b6c6f67696e7c623a313b757365726e616d657c733a3137323a22396139356163343963633234356166666536373364396534646535623962616135313937326236363962643964653034653630353264623836653438636433386262663265356630396362383838306238303965636531656136653762663136663138313430626634373534353036326534663635663961303638663165663045725471773630336277583467394762514e4c495344565a4a32744c7a5162544f614147345531305051773d223b70617373776f72647c733a3231363a22383263393331313962666464346435646335356138633138643966663235363736653838386337633361623961383261633764633839333236613564323033303865393465326365333739303335383762393764623564396339616463333064616339333135323939636665323532646234663234656231653736306164623044756f774b427679572f2b6c6a6e41563335356659732b6c4637307a7a797762766444685467425959534c7432483479315a586649374a7853646741415a58374e347041584a556b62333733664554484b47312b6b673d3d223b6c6576656c757365727c733a3137323a2232626535613533306361313235663238616164336464396133383463626466386133326363623531383865333739633535313063373637626566323933393432323263656437636262613664623936303030663264343134363063383030313361376234326135376533626530616639356433313065666232396536396266343036494851733737566173704d4c6f734555706158754d2f437061714357447279634e6d44394b7a5751593d223b),
('dijkse7p9qv8sjj21d3lmr5gooa1kvvj', '::1', 1510217142, 0x5f5f63695f6c6173745f726567656e65726174657c693a313531303231373134323b766370747c643a313531303231353431343b),
('dmdg66a4kj9lhjnnk9m264d99g1n3fgs', '::1', 1510129014, 0x5f5f63695f6c6173745f726567656e65726174657c693a313531303132393031343b766370747c643a313531303130383731393b6c6f67696e7c623a313b757365726e616d657c733a3137323a2232333665656137323966623837346166643033363763346665373432623635303538333136333136356434376431393437613063643037306661383933636163346563376463366331356461626262633263656464363163376265313431383236663838383736323934336132656235616438633063366130623236323538356d5a63455a2f78776931483074555033676e44524745624948466e6942556f574f6554586c5443574274673d223b70617373776f72647c733a3231363a223535663931626563366565396136386464623631633130393535633137303834383166393531626261323739373333656665626438313630393136386234383165383935343135643334633730383436313763393466303462393832343666613763303934396161323632633036623538663162373164333035383636366336363054675175447539575a466d613347596378382f4b6e424870636e51732f3031717748347a4d7a6e742f647a426a79784c773856767a4c774946426b333250574243703175512b523375313732374f33362b3958413d3d223b6c6576656c757365727c733a3137323a2237636232343737313932336239393861663836326239346165616436366136386164306633663730316166386164396333643332383836303235373564376137363165646339343063376237323264613866653862633531623036336434616136393965613737653866336363616530633431633863323166666533346132326459414e77746c3055742b4371346b686d51303571505a72454c4d7a547a6d57545664332f6f6641687a413d223b),
('flahf4tfcip9pkue0b2kak4ucvrg65nn', '::1', 1510308151, 0x5f5f63695f6c6173745f726567656e65726174657c693a313531303330383131323b766370747c643a313531303330383131343b6c6f67696e7c623a313b757365726e616d657c733a3137323a2262643661646565393964636539306630343137323237353230663164653133316532636562316235363266646364636435663434363365376231653937303164336261343836616362336361376539616362323336303130303632323862656463656363663430316236653263393434333936336364323361336135333563376861684d4a794a3873324c755268784f6d4b5742724a514256466579577435535a4f6e752f2f43762b68413d223b70617373776f72647c733a3231363a223965653066313065396135643061373632663130636132306633613535306235376136653462316534366339313330643865316432633531613730366232376466373265303264663735626531353732333933623138383930656237373135613738336431373761613465356438373766666564656130386234633833663537434f72706d6d454936703832346d424945627043707a6249456e36314b715a694352544733704c6b4f77364b4d574156587737712b5835354631376b666a536262554b636f372f57444e657a7471523852665a7178513d3d223b6c6576656c757365727c733a3137323a2237613363313061663039643965623733353031663733663235646537626539653236613564623164333330313432346366346366383632656361356234333531323932313631656461316264353638656438663438653864326262613666393963376235636230343562393639663966306361316662626530393762346139616d37414b4874673541412f73313577445851443169457862326348396d4754314b72463557786f762b5a773d223b),
('i91tdod20b65r436o4cua3fsmkig9fsn', '::1', 1510209276, 0x5f5f63695f6c6173745f726567656e65726174657c693a313531303230393237363b766370747c643a313531303230333332383b6c6f67696e7c623a313b757365726e616d657c733a3137323a226236306632346265633930336365336464653533366662336137656662323164393361653733313561326239376639653237646433343133323639616435663031313233336564646630303263636233626233663439306564383239613535313134646533323962626535626231643838666535306261613866373132313061386e752b2b7374584269645756667057695332665730356f3576584f4f794734456369772b58526e6d51593d223b70617373776f72647c733a3231363a226235373439373062303731363065366361623161386461383233346238633639326163643361316566356434363835666336383566353931616262643033623362643261393233356561366230643938336335393663326539643932326534303765666338326365303839363931323034326130313064656137336139373563736e306e2f6f682b57704467734f2b4b575259574f475539466e2f574c575556416b4e59697930615377374f51586a563052432f4a6447386d2f376f376b4a55674b41487a626f69503033395355656b553039674f773d3d223b6c6576656c757365727c733a3137323a2233376239363566383931353061386532373435646137343838326266373634316539323536346430616265323239633837383462343339343863623533393032623935363962353563306634663033643636643561383839633838343336386366326237306566373961626165323332343862653964396163326563333963346477757a6d4332315871316434647148615630564543617376435a504e5644657871394a392f4d467869553d223b),
('ja0unp4u61t0cp9a732s9kdjsflhc1p6', '::1', 1510220929, 0x5f5f63695f6c6173745f726567656e65726174657c693a313531303232303932393b766370747c643a313531303231373134343b6c6f67696e7c623a313b757365726e616d657c733a3137323a223936313930396439303236303662386165363963393862343833363539343065343339383061623463663061343735353863363835613432326162353136666435303531386461363531313131383339616236303634636465643436613737633461393035313830653237643537306234353462386632643265376163613061646d4e426a5069414a6f3064746d6273416539634f306f4754766d714550645743786d686b6d767a5a4a303d223b70617373776f72647c733a3231363a226264353436393733373935316333316632633137393434363963323362633434623364343965366438396462353566306434373166396661366538323461646430363535633131316632643632323962383663313763313066353839613537663564623361396439663838663563363439633763393663386236383562343464735778356d374b3457637430715a3350346959682f325a4b4c67426a4f777376567470633662334b494358303878647765384655555241546d355057466c6237394c2f665457534b38653379693767656c78435434773d3d223b6c6576656c757365727c733a3137323a2239386664346264316164663736393637666366643739366463366165326266363863333066343239326137613431383362353835346663396338656637323861613433316662386535623837653135353230373833316531653031306135383935613139643661636133383635623865363865366431633934336363653035666b36684476646c556f46496f526653545568666e474f3446527834562b3479532b566c47337063734b7a6b3d223b),
('k05bb0e5m59742d49t7pktv8tjvsao5a', '::1', 1510129322, 0x5f5f63695f6c6173745f726567656e65726174657c693a313531303132393332323b766370747c643a313531303130383731393b6c6f67696e7c623a313b757365726e616d657c733a3137323a2232333665656137323966623837346166643033363763346665373432623635303538333136333136356434376431393437613063643037306661383933636163346563376463366331356461626262633263656464363163376265313431383236663838383736323934336132656235616438633063366130623236323538356d5a63455a2f78776931483074555033676e44524745624948466e6942556f574f6554586c5443574274673d223b70617373776f72647c733a3231363a223535663931626563366565396136386464623631633130393535633137303834383166393531626261323739373333656665626438313630393136386234383165383935343135643334633730383436313763393466303462393832343666613763303934396161323632633036623538663162373164333035383636366336363054675175447539575a466d613347596378382f4b6e424870636e51732f3031717748347a4d7a6e742f647a426a79784c773856767a4c774946426b333250574243703175512b523375313732374f33362b3958413d3d223b6c6576656c757365727c733a3137323a2237636232343737313932336239393861663836326239346165616436366136386164306633663730316166386164396333643332383836303235373564376137363165646339343063376237323264613866653862633531623036336434616136393965613737653866336363616530633431633863323166666533346132326459414e77746c3055742b4371346b686d51303571505a72454c4d7a547a6d57545664332f6f6641687a413d223b),
('la9bgufaemmjl4f462kl0n670too1j75', '::1', 1510201469, 0x5f5f63695f6c6173745f726567656e65726174657c693a313531303230313436393b766370747c643a313531303139343435303b6c6f67696e7c623a313b757365726e616d657c733a3137323a22396139356163343963633234356166666536373364396534646535623962616135313937326236363962643964653034653630353264623836653438636433386262663265356630396362383838306238303965636531656136653762663136663138313430626634373534353036326534663635663961303638663165663045725471773630336277583467394762514e4c495344565a4a32744c7a5162544f614147345531305051773d223b70617373776f72647c733a3231363a22383263393331313962666464346435646335356138633138643966663235363736653838386337633361623961383261633764633839333236613564323033303865393465326365333739303335383762393764623564396339616463333064616339333135323939636665323532646234663234656231653736306164623044756f774b427679572f2b6c6a6e41563335356659732b6c4637307a7a797762766444685467425959534c7432483479315a586649374a7853646741415a58374e347041584a556b62333733664554484b47312b6b673d3d223b6c6576656c757365727c733a3137323a2232626535613533306361313235663238616164336464396133383463626466386133326363623531383865333739633535313063373637626566323933393432323263656437636262613664623936303030663264343134363063383030313361376234326135376533626530616639356433313065666232396536396266343036494851733737566173704d4c6f734555706158754d2f437061714357447279634e6d44394b7a5751593d223b),
('m03l4dgr3cef7vhh4gj4b86ic5ee1r9k', '::1', 1510194834, 0x5f5f63695f6c6173745f726567656e65726174657c693a313531303139343833343b766370747c643a313531303139343435303b6c6f67696e7c623a313b757365726e616d657c733a3137323a22396139356163343963633234356166666536373364396534646535623962616135313937326236363962643964653034653630353264623836653438636433386262663265356630396362383838306238303965636531656136653762663136663138313430626634373534353036326534663635663961303638663165663045725471773630336277583467394762514e4c495344565a4a32744c7a5162544f614147345531305051773d223b70617373776f72647c733a3231363a22383263393331313962666464346435646335356138633138643966663235363736653838386337633361623961383261633764633839333236613564323033303865393465326365333739303335383762393764623564396339616463333064616339333135323939636665323532646234663234656231653736306164623044756f774b427679572f2b6c6a6e41563335356659732b6c4637307a7a797762766444685467425959534c7432483479315a586649374a7853646741415a58374e347041584a556b62333733664554484b47312b6b673d3d223b6c6576656c757365727c733a3137323a2232626535613533306361313235663238616164336464396133383463626466386133326363623531383865333739633535313063373637626566323933393432323263656437636262613664623936303030663264343134363063383030313361376234326135376533626530616639356433313065666232396536396266343036494851733737566173704d4c6f734555706158754d2f437061714357447279634e6d44394b7a5751593d223b),
('m1hu83o4778f5iifvmoobg8inc0rq5fi', '::1', 1510202024, 0x5f5f63695f6c6173745f726567656e65726174657c693a313531303230323032343b766370747c643a313531303139343435303b6c6f67696e7c623a313b757365726e616d657c733a3137323a22396139356163343963633234356166666536373364396534646535623962616135313937326236363962643964653034653630353264623836653438636433386262663265356630396362383838306238303965636531656136653762663136663138313430626634373534353036326534663635663961303638663165663045725471773630336277583467394762514e4c495344565a4a32744c7a5162544f614147345531305051773d223b70617373776f72647c733a3231363a22383263393331313962666464346435646335356138633138643966663235363736653838386337633361623961383261633764633839333236613564323033303865393465326365333739303335383762393764623564396339616463333064616339333135323939636665323532646234663234656231653736306164623044756f774b427679572f2b6c6a6e41563335356659732b6c4637307a7a797762766444685467425959534c7432483479315a586649374a7853646741415a58374e347041584a556b62333733664554484b47312b6b673d3d223b6c6576656c757365727c733a3137323a2232626535613533306361313235663238616164336464396133383463626466386133326363623531383865333739633535313063373637626566323933393432323263656437636262613664623936303030663264343134363063383030313361376234326135376533626530616639356433313065666232396536396266343036494851733737566173704d4c6f734555706158754d2f437061714357447279634e6d44394b7a5751593d223b),
('naecb16s0satq17uj2tcpehm9ro1jsgl', '::1', 1510132035, 0x5f5f63695f6c6173745f726567656e65726174657c693a313531303133313639313b766370747c643a313531303130383731393b6c6f67696e7c623a313b757365726e616d657c733a3137323a2232333665656137323966623837346166643033363763346665373432623635303538333136333136356434376431393437613063643037306661383933636163346563376463366331356461626262633263656464363163376265313431383236663838383736323934336132656235616438633063366130623236323538356d5a63455a2f78776931483074555033676e44524745624948466e6942556f574f6554586c5443574274673d223b70617373776f72647c733a3231363a223535663931626563366565396136386464623631633130393535633137303834383166393531626261323739373333656665626438313630393136386234383165383935343135643334633730383436313763393466303462393832343666613763303934396161323632633036623538663162373164333035383636366336363054675175447539575a466d613347596378382f4b6e424870636e51732f3031717748347a4d7a6e742f647a426a79784c773856767a4c774946426b333250574243703175512b523375313732374f33362b3958413d3d223b6c6576656c757365727c733a3137323a2237636232343737313932336239393861663836326239346165616436366136386164306633663730316166386164396333643332383836303235373564376137363165646339343063376237323264613866653862633531623036336434616136393965613737653866336363616530633431633863323166666533346132326459414e77746c3055742b4371346b686d51303571505a72454c4d7a547a6d57545664332f6f6641687a413d223b),
('ndlmoe4c8jltqm3f1a209g9c6sdkf6v9', '::1', 1510217776, 0x5f5f63695f6c6173745f726567656e65726174657c693a313531303231373737363b766370747c643a313531303231373134343b6c6f67696e7c623a313b757365726e616d657c733a3137323a223936313930396439303236303662386165363963393862343833363539343065343339383061623463663061343735353863363835613432326162353136666435303531386461363531313131383339616236303634636465643436613737633461393035313830653237643537306234353462386632643265376163613061646d4e426a5069414a6f3064746d6273416539634f306f4754766d714550645743786d686b6d767a5a4a303d223b70617373776f72647c733a3231363a226264353436393733373935316333316632633137393434363963323362633434623364343965366438396462353566306434373166396661366538323461646430363535633131316632643632323962383663313763313066353839613537663564623361396439663838663563363439633763393663386236383562343464735778356d374b3457637430715a3350346959682f325a4b4c67426a4f777376567470633662334b494358303878647765384655555241546d355057466c6237394c2f665457534b38653379693767656c78435434773d3d223b6c6576656c757365727c733a3137323a2239386664346264316164663736393637666366643739366463366165326266363863333066343239326137613431383362353835346663396338656637323861613433316662386535623837653135353230373833316531653031306135383935613139643661636133383635623865363865366431633934336363653035666b36684476646c556f46496f526653545568666e474f3446527834562b3479532b566c47337063734b7a6b3d223b),
('o473mkqr4tfggd5kn14svulrctj1m186', '::1', 1510131691, 0x5f5f63695f6c6173745f726567656e65726174657c693a313531303133313639313b766370747c643a313531303130383731393b6c6f67696e7c623a313b757365726e616d657c733a3137323a2232333665656137323966623837346166643033363763346665373432623635303538333136333136356434376431393437613063643037306661383933636163346563376463366331356461626262633263656464363163376265313431383236663838383736323934336132656235616438633063366130623236323538356d5a63455a2f78776931483074555033676e44524745624948466e6942556f574f6554586c5443574274673d223b70617373776f72647c733a3231363a223535663931626563366565396136386464623631633130393535633137303834383166393531626261323739373333656665626438313630393136386234383165383935343135643334633730383436313763393466303462393832343666613763303934396161323632633036623538663162373164333035383636366336363054675175447539575a466d613347596378382f4b6e424870636e51732f3031717748347a4d7a6e742f647a426a79784c773856767a4c774946426b333250574243703175512b523375313732374f33362b3958413d3d223b6c6576656c757365727c733a3137323a2237636232343737313932336239393861663836326239346165616436366136386164306633663730316166386164396333643332383836303235373564376137363165646339343063376237323264613866653862633531623036336434616136393965613737653866336363616530633431633863323166666533346132326459414e77746c3055742b4371346b686d51303571505a72454c4d7a547a6d57545664332f6f6641687a413d223b),
('op0uvrg3pkn6eek9vpc8dp8tikbg7gvq', '::1', 1510195233, 0x5f5f63695f6c6173745f726567656e65726174657c693a313531303139353233333b766370747c643a313531303139343435303b6c6f67696e7c623a313b757365726e616d657c733a3137323a22396139356163343963633234356166666536373364396534646535623962616135313937326236363962643964653034653630353264623836653438636433386262663265356630396362383838306238303965636531656136653762663136663138313430626634373534353036326534663635663961303638663165663045725471773630336277583467394762514e4c495344565a4a32744c7a5162544f614147345531305051773d223b70617373776f72647c733a3231363a22383263393331313962666464346435646335356138633138643966663235363736653838386337633361623961383261633764633839333236613564323033303865393465326365333739303335383762393764623564396339616463333064616339333135323939636665323532646234663234656231653736306164623044756f774b427679572f2b6c6a6e41563335356659732b6c4637307a7a797762766444685467425959534c7432483479315a586649374a7853646741415a58374e347041584a556b62333733664554484b47312b6b673d3d223b6c6576656c757365727c733a3137323a2232626535613533306361313235663238616164336464396133383463626466386133326363623531383865333739633535313063373637626566323933393432323263656437636262613664623936303030663264343134363063383030313361376234326135376533626530616639356433313065666232396536396266343036494851733737566173704d4c6f734555706158754d2f437061714357447279634e6d44394b7a5751593d223b),
('pstq5pfqk129e084ste5qkgjgpj8iol6', '::1', 1510208479, 0x5f5f63695f6c6173745f726567656e65726174657c693a313531303230383437393b766370747c643a313531303230333332383b6c6f67696e7c623a313b757365726e616d657c733a3137323a226236306632346265633930336365336464653533366662336137656662323164393361653733313561326239376639653237646433343133323639616435663031313233336564646630303263636233626233663439306564383239613535313134646533323962626535626231643838666535306261613866373132313061386e752b2b7374584269645756667057695332665730356f3576584f4f794734456369772b58526e6d51593d223b70617373776f72647c733a3231363a226235373439373062303731363065366361623161386461383233346238633639326163643361316566356434363835666336383566353931616262643033623362643261393233356561366230643938336335393663326539643932326534303765666338326365303839363931323034326130313064656137336139373563736e306e2f6f682b57704467734f2b4b575259574f475539466e2f574c575556416b4e59697930615377374f51586a563052432f4a6447386d2f376f376b4a55674b41487a626f69503033395355656b553039674f773d3d223b6c6576656c757365727c733a3137323a2233376239363566383931353061386532373435646137343838326266373634316539323536346430616265323239633837383462343339343863623533393032623935363962353563306634663033643636643561383839633838343336386366326237306566373961626165323332343862653964396163326563333963346477757a6d4332315871316434647148615630564543617376435a504e5644657871394a392f4d467869553d223b),
('qpmrcmdav0ehslr9rd1q98k4b2lvc8aa', '::1', 1510210433, 0x5f5f63695f6c6173745f726567656e65726174657c693a313531303231303433333b766370747c643a313531303230333332383b6c6f67696e7c623a313b757365726e616d657c733a3137323a226236306632346265633930336365336464653533366662336137656662323164393361653733313561326239376639653237646433343133323639616435663031313233336564646630303263636233626233663439306564383239613535313134646533323962626535626231643838666535306261613866373132313061386e752b2b7374584269645756667057695332665730356f3576584f4f794734456369772b58526e6d51593d223b70617373776f72647c733a3231363a226235373439373062303731363065366361623161386461383233346238633639326163643361316566356434363835666336383566353931616262643033623362643261393233356561366230643938336335393663326539643932326534303765666338326365303839363931323034326130313064656137336139373563736e306e2f6f682b57704467734f2b4b575259574f475539466e2f574c575556416b4e59697930615377374f51586a563052432f4a6447386d2f376f376b4a55674b41487a626f69503033395355656b553039674f773d3d223b6c6576656c757365727c733a3137323a2233376239363566383931353061386532373435646137343838326266373634316539323536346430616265323239633837383462343339343863623533393032623935363962353563306634663033643636643561383839633838343336386366326237306566373961626165323332343862653964396163326563333963346477757a6d4332315871316434647148615630564543617376435a504e5644657871394a392f4d467869553d223b),
('qqgefv2q0s95or6og5k1lkqemgb00884', '::1', 1510207645, 0x5f5f63695f6c6173745f726567656e65726174657c693a313531303230373634353b766370747c643a313531303230333332383b6c6f67696e7c623a313b757365726e616d657c733a3137323a226236306632346265633930336365336464653533366662336137656662323164393361653733313561326239376639653237646433343133323639616435663031313233336564646630303263636233626233663439306564383239613535313134646533323962626535626231643838666535306261613866373132313061386e752b2b7374584269645756667057695332665730356f3576584f4f794734456369772b58526e6d51593d223b70617373776f72647c733a3231363a226235373439373062303731363065366361623161386461383233346238633639326163643361316566356434363835666336383566353931616262643033623362643261393233356561366230643938336335393663326539643932326534303765666338326365303839363931323034326130313064656137336139373563736e306e2f6f682b57704467734f2b4b575259574f475539466e2f574c575556416b4e59697930615377374f51586a563052432f4a6447386d2f376f376b4a55674b41487a626f69503033395355656b553039674f773d3d223b6c6576656c757365727c733a3137323a2233376239363566383931353061386532373435646137343838326266373634316539323536346430616265323239633837383462343339343863623533393032623935363962353563306634663033643636643561383839633838343336386366326237306566373961626165323332343862653964396163326563333963346477757a6d4332315871316434647148615630564543617376435a504e5644657871394a392f4d467869553d223b),
('r8tk4r7hi34jesc6q11e7qgltiva3gnr', '::1', 1510211432, 0x5f5f63695f6c6173745f726567656e65726174657c693a313531303231313433323b766370747c643a313531303230333332383b6c6f67696e7c623a313b757365726e616d657c733a3137323a226236306632346265633930336365336464653533366662336137656662323164393361653733313561326239376639653237646433343133323639616435663031313233336564646630303263636233626233663439306564383239613535313134646533323962626535626231643838666535306261613866373132313061386e752b2b7374584269645756667057695332665730356f3576584f4f794734456369772b58526e6d51593d223b70617373776f72647c733a3231363a226235373439373062303731363065366361623161386461383233346238633639326163643361316566356434363835666336383566353931616262643033623362643261393233356561366230643938336335393663326539643932326534303765666338326365303839363931323034326130313064656137336139373563736e306e2f6f682b57704467734f2b4b575259574f475539466e2f574c575556416b4e59697930615377374f51586a563052432f4a6447386d2f376f376b4a55674b41487a626f69503033395355656b553039674f773d3d223b6c6576656c757365727c733a3137323a2233376239363566383931353061386532373435646137343838326266373634316539323536346430616265323239633837383462343339343863623533393032623935363962353563306634663033643636643561383839633838343336386366326237306566373961626165323332343862653964396163326563333963346477757a6d4332315871316434647148615630564543617376435a504e5644657871394a392f4d467869553d223b),
('segts8hnret4ejcgrfuadekssan1teg4', '::1', 1510202391, 0x5f5f63695f6c6173745f726567656e65726174657c693a313531303230323339313b766370747c643a313531303139343435303b6c6f67696e7c623a313b757365726e616d657c733a3137323a22396139356163343963633234356166666536373364396534646535623962616135313937326236363962643964653034653630353264623836653438636433386262663265356630396362383838306238303965636531656136653762663136663138313430626634373534353036326534663635663961303638663165663045725471773630336277583467394762514e4c495344565a4a32744c7a5162544f614147345531305051773d223b70617373776f72647c733a3231363a22383263393331313962666464346435646335356138633138643966663235363736653838386337633361623961383261633764633839333236613564323033303865393465326365333739303335383762393764623564396339616463333064616339333135323939636665323532646234663234656231653736306164623044756f774b427679572f2b6c6a6e41563335356659732b6c4637307a7a797762766444685467425959534c7432483479315a586649374a7853646741415a58374e347041584a556b62333733664554484b47312b6b673d3d223b6c6576656c757365727c733a3137323a2232626535613533306361313235663238616164336464396133383463626466386133326363623531383865333739633535313063373637626566323933393432323263656437636262613664623936303030663264343134363063383030313361376234326135376533626530616639356433313065666232396536396266343036494851733737566173704d4c6f734555706158754d2f437061714357447279634e6d44394b7a5751593d223b),
('tterch0rp723avis32hh1gq17qqgiale', '::1', 1510221275, 0x5f5f63695f6c6173745f726567656e65726174657c693a313531303232313237353b766370747c643a313531303231373134343b6c6f67696e7c623a313b757365726e616d657c733a3137323a223936313930396439303236303662386165363963393862343833363539343065343339383061623463663061343735353863363835613432326162353136666435303531386461363531313131383339616236303634636465643436613737633461393035313830653237643537306234353462386632643265376163613061646d4e426a5069414a6f3064746d6273416539634f306f4754766d714550645743786d686b6d767a5a4a303d223b70617373776f72647c733a3231363a226264353436393733373935316333316632633137393434363963323362633434623364343965366438396462353566306434373166396661366538323461646430363535633131316632643632323962383663313763313066353839613537663564623361396439663838663563363439633763393663386236383562343464735778356d374b3457637430715a3350346959682f325a4b4c67426a4f777376567470633662334b494358303878647765384655555241546d355057466c6237394c2f665457534b38653379693767656c78435434773d3d223b6c6576656c757365727c733a3137323a2239386664346264316164663736393637666366643739366463366165326266363863333066343239326137613431383362353835346663396338656637323861613433316662386535623837653135353230373833316531653031306135383935613139643661636133383635623865363865366431633934336363653035666b36684476646c556f46496f526653545568666e474f3446527834562b3479532b566c47337063734b7a6b3d223b),
('u3t940rif40mchafqfcqass2apsmlt8j', '::1', 1510221707, 0x5f5f63695f6c6173745f726567656e65726174657c693a313531303232313730373b766370747c643a313531303231373134343b6c6f67696e7c623a313b757365726e616d657c733a3137323a223936313930396439303236303662386165363963393862343833363539343065343339383061623463663061343735353863363835613432326162353136666435303531386461363531313131383339616236303634636465643436613737633461393035313830653237643537306234353462386632643265376163613061646d4e426a5069414a6f3064746d6273416539634f306f4754766d714550645743786d686b6d767a5a4a303d223b70617373776f72647c733a3231363a226264353436393733373935316333316632633137393434363963323362633434623364343965366438396462353566306434373166396661366538323461646430363535633131316632643632323962383663313763313066353839613537663564623361396439663838663563363439633763393663386236383562343464735778356d374b3457637430715a3350346959682f325a4b4c67426a4f777376567470633662334b494358303878647765384655555241546d355057466c6237394c2f665457534b38653379693767656c78435434773d3d223b6c6576656c757365727c733a3137323a2239386664346264316164663736393637666366643739366463366165326266363863333066343239326137613431383362353835346663396338656637323861613433316662386535623837653135353230373833316531653031306135383935613139643661636133383635623865363865366431633934336363653035666b36684476646c556f46496f526653545568666e474f3446527834562b3479532b566c47337063734b7a6b3d223b),
('ugv79q3hboerr5gn063eoormqrc87e36', '::1', 1510208972, 0x5f5f63695f6c6173745f726567656e65726174657c693a313531303230383937323b766370747c643a313531303230333332383b6c6f67696e7c623a313b757365726e616d657c733a3137323a226236306632346265633930336365336464653533366662336137656662323164393361653733313561326239376639653237646433343133323639616435663031313233336564646630303263636233626233663439306564383239613535313134646533323962626535626231643838666535306261613866373132313061386e752b2b7374584269645756667057695332665730356f3576584f4f794734456369772b58526e6d51593d223b70617373776f72647c733a3231363a226235373439373062303731363065366361623161386461383233346238633639326163643361316566356434363835666336383566353931616262643033623362643261393233356561366230643938336335393663326539643932326534303765666338326365303839363931323034326130313064656137336139373563736e306e2f6f682b57704467734f2b4b575259574f475539466e2f574c575556416b4e59697930615377374f51586a563052432f4a6447386d2f376f376b4a55674b41487a626f69503033395355656b553039674f773d3d223b6c6576656c757365727c733a3137323a2233376239363566383931353061386532373435646137343838326266373634316539323536346430616265323239633837383462343339343863623533393032623935363962353563306634663033643636643561383839633838343336386366326237306566373961626165323332343862653964396163326563333963346477757a6d4332315871316434647148615630564543617376435a504e5644657871394a392f4d467869553d223b),
('v8l72rmol4gtjg1mqk7t54iohkh9f8o3', '192.168.3.98', 1510574064, 0x5f5f63695f6c6173745f726567656e65726174657c693a313531303537333933373b766370747c643a313531303537333933393b6c6f67696e7c623a313b757365726e616d657c733a3137323a226633376365393932346135653435303561383831343935663864373234303235313562663136636539373532343230643430646564333032616533336130376634626337613531323937653537636333666633316164333564666138333365346234323661656238653833623235623564363539373865373831313630353135575a7a656e335766536b2f71513465436a7078496e4c6d5434546d367655566848706162534b54337236733d223b70617373776f72647c733a3231363a22313434363936383039336264373534656532366636393363353864663239366337356236353661646363333932633965366264643937666437623632353238363563396432316436653532313439623762623031373636363737393931643331353430333339613461653262383831393262353836613565653639346464306179654e73587a4a6961666431766a65442f3862366d6a4541466a4b306d78686f6b30337572437149436e6863666164664c36716551596a4b474f6c754b557031444e754f486d344a2b765a45683868345757467272673d3d223b6c6576656c757365727c733a3137323a22333731636431663934303061346533376361643933663062323362333063323763313861353534336161323432623336656364656139623263383932656265633566386334306535306366643931363062376630636162353134323235343864393535383339363430333939376261636563373165373464663632303635646538646a4d376d35326c555262432f7948614c2b35764c5144584756676b55772f524e5472706f2b6c62676b3d223b),
('vfk4n0dugndg1ct4fqb8bo18p3752ueh', '::1', 1510051578, 0x5f5f63695f6c6173745f726567656e65726174657c693a313531303035313537383b766370747c643a313531303034323532383b6c6f67696e7c623a313b757365726e616d657c733a3137323a223961313563356231653366616163656637316166623734343837373937383238323862633661376534323364633430333130653937623265623331613466663531613266653863643236303030663461373135333135333236666666356230376637396135663839393661616565303930363330623232646535623231383331707375334a7134387974716243476966754b746f384a66467564552b4133766c74716250386875654134633d223b70617373776f72647c733a3231363a2236316265616361666531636533303231633038383238666166393232356563383132663965396434643832356464636438636465336363646162623263653235383561626366373134663339623162363934663436343537656566353566306333303734633331666231356566376638613332336466363966616564356466346c76735454375672307771686b70682b42796f64495870384e41426a4f7263464261726236337649536d4358766f586c47516b5053614d446c676a4b6b33314e434b384337724772774d70425359454a755561366e413d3d223b6c6576656c757365727c733a3137323a226433616433616137663332613065353833376234376635663137656532316536383932323662353439366135666334303132653738336633343863653537626534396266656331303733306439373537326631376538346634373063333763653536313462323736396666393132336136396232653036366362643563636638564b76364c7577696b67572f572b6a3736334d4b6833713371444854754c496f6e6557374f51626962574d3d223b);

-- --------------------------------------------------------

--
-- Table structure for table `config_email`
--

CREATE TABLE `config_email` (
  `email_id` int(1) NOT NULL,
  `category` varchar(1) NOT NULL,
  `smtp_user` varchar(50) NOT NULL,
  `smtp_pass` varchar(30) NOT NULL,
  `smtp_host` varchar(50) NOT NULL,
  `smtp_crypto` varchar(10) NOT NULL,
  `smtp_port` varchar(5) NOT NULL,
  `smtp_timeout` varchar(1) NOT NULL,
  `protocol` varchar(4) NOT NULL,
  `mailtype` varchar(8) DEFAULT NULL,
  `charset` varchar(8) NOT NULL,
  `status` set('1','0') NOT NULL DEFAULT '0'
) ENGINE=InnoDB DEFAULT CHARSET=utf8;

-- --------------------------------------------------------

--
-- Table structure for table `tb_log`
--

CREATE TABLE `tb_log` (
  `log_time` timestamp NOT NULL DEFAULT '0000-00-00 00:00:00',
  `log_name` varchar(45) NOT NULL,
  `log_user` varchar(15) NOT NULL,
  `log_message` varchar(220) NOT NULL,
  `ip_address` varchar(15) NOT NULL
) ENGINE=InnoDB DEFAULT CHARSET=utf8;

--
-- Dumping data for table `tb_log`
--

INSERT INTO `tb_log` (`log_time`, `log_name`, `log_user`, `log_message`, `ip_address`) VALUES
('2017-11-05 08:58:29', 'LOGIN', 'INDRA', 'MASUK KE SISTEM RESTO', '::1'),
('2017-11-05 09:07:15', 'LOGOUT', 'INDRA', 'KELUAR DARI SISTEM RESTO', '::1'),
('2017-11-05 09:52:24', 'LOGIN', 'INDRA', 'MASUK KE SISTEM RESTO', '::1'),
('2017-11-05 09:53:06', 'LOGOUT', 'INDRA', 'KELUAR DARI SISTEM RESTO', '::1'),
('2017-11-06 02:53:16', 'LOGIN', 'INDRA', 'MASUK KE SISTEM RESTO', '::1'),
('2017-11-06 03:18:52', 'LOGIN', 'ANDREW', 'MASUK KE SISTEM RESTO', '192.168.3.28'),
('2017-11-06 03:20:16', 'LOGIN', 'ANDREW', 'MASUK KE SISTEM RESTO', '192.168.3.127'),
('2017-11-06 03:56:53', 'LOGOUT', 'ANDREW', 'KELUAR DARI SISTEM RESTO', '192.168.3.28'),
('2017-11-06 03:57:07', 'LOGIN', 'INDRA', 'MASUK KE SISTEM RESTO', '192.168.3.28'),
('2017-11-06 05:58:54', 'MASTER MENU', 'INDRA', 'DATA MENU SOUP PATIN BENING SUDAH DIEDIT', '192.168.3.28'),
('2017-11-06 08:47:59', 'MASTER REFERENSI', '', 'DATA REFERENSI D14 SUDAH DIBUAT', '192.168.3.28'),
('2017-11-06 08:50:43', 'MASTER REFERENSI', '', 'DATA REFERENSI 5.5 PERSEN SUDAH DIBUAT', '192.168.3.28'),
('2017-11-06 09:06:16', 'MASTER REFERENSI', 'INDRA', 'DATA REFERENSI 10 PERSEN SUDAH DIBUAT', '192.168.3.28'),
('2017-11-07 03:36:11', 'LOGIN', 'INDRA', 'MASUK KE SISTEM RESTO', '::1'),
('2017-11-07 03:55:52', 'LOGIN', 'INDRA', 'MASUK KE SISTEM RESTO', '::1'),
('2017-11-07 04:41:43', 'LOGOUT', 'INDRA', 'KELUAR DARI SISTEM RESTO', '::1'),
('2017-11-07 04:48:21', 'LOGIN', 'INDRA', 'MASUK KE SISTEM RESTO', '::1'),
('2017-11-07 07:21:48', 'LOGIN', 'INDRA', 'MASUK KE SISTEM RESTO', '127.0.0.1'),
('2017-11-07 08:15:33', 'LOGIN', 'INDRA', 'MASUK KE SISTEM RESTO', '::1'),
('2017-11-08 02:38:50', 'LOGIN', 'INDRA', 'MASUK KE SISTEM RESTO', '::1'),
('2017-11-08 04:06:27', 'MASTER PEMBAYARAN', 'INDRA', 'DATA PEMBAYARAN VISA CARD SUDAH DIBUAT', '::1'),
('2017-11-08 06:31:16', 'ORDER', '', 'DATA ORDER 1700000 SUDAH DIBUAT', '::1'),
('2017-11-08 07:11:32', 'MASTER PEMBAYARAN', 'INDRA', 'DATA PEMBAYARAN MASTER CARD SUDAH DIBUAT', '::1'),
('2017-11-08 07:11:44', 'MASTER PEMBAYARAN', 'INDRA', 'DATA PEMBAYARAN CASH SUDAH DIBUAT', '::1'),
('2017-11-08 07:20:27', 'ORDER', '', 'DATA ORDER 1700000 SUDAH DIBUAT', '::1'),
('2017-11-08 08:02:42', 'ORDER', 'INDRA', 'DATA ORDER 1700000 SUDAH DIBUAT', '::1'),
('2017-11-08 08:14:00', 'ORDER', 'INDRA', 'DATA ORDER 1700001 SUDAH DIBUAT', '::1'),
('2017-11-08 09:02:36', 'ORDER', 'INDRA', 'DATA ORDER 1700003 SUDAH DIBUAT', '::1'),
('2017-11-08 09:07:15', 'ORDER', 'INDRA', 'DATA ORDER 1700004 SUDAH DIBUAT', '::1'),
('2017-11-09 02:27:38', 'LOGIN', 'INDRA', 'MASUK KE SISTEM RESTO', '::1'),
('2017-11-09 03:24:57', 'ORDER', 'INDRA', 'DATA ORDER 1700006 SUDAH DIBUAT', '::1'),
('2017-11-09 04:41:20', 'ORDER', 'INDRA', 'DATA ORDER 1700007 SUDAH DIBUAT', '::1'),
('2017-11-09 04:48:13', 'BUAT USER', 'INDRA', 'USER BARU CHRISTINE SUDAH DIBUAT', '::1'),
('2017-11-09 04:48:16', 'LOGOUT', 'INDRA', 'KELUAR DARI SISTEM RESTO', '::1'),
('2017-11-09 04:48:27', 'LOGIN', 'CHRISTINE', 'MASUK KE SISTEM RESTO', '::1'),
('2017-11-09 04:55:25', 'LOGOUT', 'CHRISTINE', 'KELUAR DARI SISTEM RESTO', '::1'),
('2017-11-09 04:55:36', 'LOGIN', 'INDRA', 'MASUK KE SISTEM RESTO', '::1'),
('2017-11-09 04:57:19', 'MASTER REFERENSI', 'INDRA', 'DATA REFERENSI SMALL PLATES SUDAH DIBUAT', '::1'),
('2017-11-09 04:57:35', 'MASTER REFERENSI', 'INDRA', 'DATA REFERENSI RICE & NOODLE SUDAH DIBUAT', '::1'),
('2017-11-09 04:57:50', 'MASTER REFERENSI', 'INDRA', 'DATA REFERENSI OXTAIL & RIBS SUDAH DIBUAT', '::1'),
('2017-11-09 04:58:04', 'MASTER REFERENSI', 'INDRA', 'DATA REFERENSI BEEF & POULTRY SUDAH DIBUAT', '::1'),
('2017-11-09 04:58:22', 'MASTER REFERENSI', 'INDRA', 'DATA REFERENSI VEGETABLES SUDAH DIBUAT', '::1'),
('2017-11-09 04:58:38', 'MASTER REFERENSI', 'INDRA', 'DATA REFERENSI SEAFOOD SUDAH DIBUAT', '::1'),
('2017-11-09 04:59:12', 'MASTER REFERENSI', 'INDRA', 'DATA REFERENSI FISH SUDAH DIBUAT', '::1'),
('2017-11-09 04:59:30', 'MASTER REFERENSI', 'INDRA', 'DATA REFERENSI DESSERT SUDAH DIBUAT', '::1'),
('2017-11-09 04:59:43', 'MASTER REFERENSI', 'INDRA', 'DATA REFERENSI BEVERAGE SUDAH DIBUAT', '::1'),
('2017-11-09 06:43:55', 'ORDER', 'INDRA', 'DATA ORDER 1700008 SUDAH DIBUAT', '::1'),
('2017-11-09 06:48:40', 'ORDER', 'INDRA', 'DATA ORDER 1700009 SUDAH DIBUAT', '::1'),
('2017-11-09 06:51:52', 'ORDER', 'INDRA', 'DATA ORDER 1700010 SUDAH DIBUAT', '::1'),
('2017-11-09 06:54:17', 'ORDER', 'INDRA', 'DATA ORDER 1700011 SUDAH DIBUAT', '::1'),
('2017-11-09 07:00:52', 'ORDER', 'INDRA', 'DATA ORDER 1700012 SUDAH DIBUAT', '::1'),
('2017-11-09 07:17:29', 'LOGIN', 'INDRA', 'MASUK KE SISTEM RESTO', '::1'),
('2017-11-09 07:18:23', 'ORDER', 'INDRA', 'DATA ORDER 1700013 SUDAH DIBUAT', '::1'),
('2017-11-09 07:31:21', 'ORDER', 'INDRA', 'DATA ORDER 1700014 SUDAH DIBUAT', '::1'),
('2017-11-09 08:16:50', 'LOGOUT', 'INDRA', 'KELUAR DARI SISTEM RESTO', '::1'),
('2017-11-09 08:46:36', 'LOGIN', 'INDRA', 'MASUK KE SISTEM RESTO', '::1'),
('2017-11-09 08:47:41', 'ORDER', 'INDRA', 'DATA ORDER 1700015 SUDAH DIBUAT', '::1'),
('2017-11-10 10:02:04', 'LOGIN', 'INDRA', 'MASUK KE SISTEM RESTO', '::1'),
('2017-11-10 11:27:38', 'LOGOUT', '', 'KELUAR DARI SISTEM RESTO', '::1'),
('2017-11-13 11:52:25', 'LOGIN', 'INDRA', 'MASUK KE SISTEM RESTO', '192.168.3.98');

-- --------------------------------------------------------

--
-- Table structure for table `tg_menu`
--

CREATE TABLE `tg_menu` (
  `id_menu` int(6) NOT NULL,
  `fs_group` int(6) NOT NULL DEFAULT '0',
  `fs_kd_comp` varchar(10) NOT NULL,
  `fs_kd_parent` varchar(10) NOT NULL,
  `fs_kd_child` varchar(10) NOT NULL,
  `fs_nm_menu` varchar(50) NOT NULL,
  `fs_nm_form` varchar(50) NOT NULL,
  `fb_root` int(1) NOT NULL,
  `fs_nm_formweb` varchar(50) NOT NULL
) ENGINE=InnoDB DEFAULT CHARSET=utf8;

--
-- Dumping data for table `tg_menu`
--

INSERT INTO `tg_menu` (`id_menu`, `fs_group`, `fs_kd_comp`, `fs_kd_parent`, `fs_kd_child`, `fs_nm_menu`, `fs_nm_form`, `fb_root`, `fs_nm_formweb`) VALUES
(1, 0, 'RESTO', '1', '', 'TRANSAKSI', '0', 1, '0'),
(2, 0, 'RESTO', '1', '200', 'Dashboard', '0', 1, 'dashboard'),
(3, 0, 'RESTO', '1', '201', 'Order', '0', 1, 'order'),
(4, 0, 'RESTO', '1', '202', 'History', '0', 1, 'history'),
(5, 0, 'RESTO', '5', '', 'MASTER', '0', 1, '0'),
(6, 0, 'RESTO', '5', '300', 'Master Menu & Harga', '0', 1, 'masterharga'),
(7, 0, 'RESTO', '5', '301', 'Master Pelayan  / User', '0', 1, 'masteruser'),
(8, 0, 'RESTO', '5', '302', 'Master Pembayaran', '0', 1, 'masterpembayaran'),
(9, 0, 'RESTO', '5', '303', 'Master Referensi', '0', 1, 'masterreferensi'),
(10, 0, 'RESTO', '10', '', 'UTILITY', '0', 1, '0'),
(11, 0, 'RESTO', '10', '400', 'Change Password', '0', 1, 'changepass');

-- --------------------------------------------------------

--
-- Table structure for table `tm_counter`
--

CREATE TABLE `tm_counter` (
  `fs_jenis_counter` varchar(15) NOT NULL,
  `fs_no_jenis_counter` int(3) NOT NULL,
  `fn_counter` decimal(7,0) DEFAULT NULL,
  `fs_user_buat` varchar(15) NOT NULL,
  `fd_tanggal_buat` datetime NOT NULL,
  `fs_user_edit` varchar(15) DEFAULT NULL,
  `fd_tanggal_edit` datetime DEFAULT NULL
) ENGINE=InnoDB DEFAULT CHARSET=utf8;

--
-- Dumping data for table `tm_counter`
--

INSERT INTO `tm_counter` (`fs_jenis_counter`, `fs_no_jenis_counter`, `fn_counter`, `fs_user_buat`, `fd_tanggal_buat`, `fs_user_edit`, `fd_tanggal_edit`) VALUES
('ORDER', 1, '1700016', 'INDRA', '2017-11-06 17:02:02', NULL, NULL);

-- --------------------------------------------------------

--
-- Table structure for table `tm_menu`
--

CREATE TABLE `tm_menu` (
  `fs_kode_menu` varchar(5) NOT NULL,
  `fs_nama_menu` varchar(80) NOT NULL,
  `fs_kategori_menu` varchar(1) DEFAULT NULL,
  `fn_harga` decimal(8,0) NOT NULL,
  `fs_user_buat` varchar(15) NOT NULL,
  `fd_tanggal_buat` datetime NOT NULL,
  `fs_user_edit` varchar(15) DEFAULT NULL,
  `fd_tanggal_edit` datetime DEFAULT NULL
) ENGINE=InnoDB DEFAULT CHARSET=utf8;

--
-- Dumping data for table `tm_menu`
--

INSERT INTO `tm_menu` (`fs_kode_menu`, `fs_nama_menu`, `fs_kategori_menu`, `fn_harga`, `fs_user_buat`, `fd_tanggal_buat`, `fs_user_edit`, `fd_tanggal_edit`) VALUES
('M001', 'Gado Gado', '', '40000', 'INDRA', '2017-11-06 12:31:32', NULL, NULL),
('M002', 'Pecel Jawa', '', '40000', 'INDRA', '2017-11-06 12:31:32', NULL, NULL),
('M003', 'Asinan Sayur', '', '42000', 'INDRA', '2017-11-06 12:31:32', NULL, NULL),
('M004', 'Urapan Ayam', '', '50000', 'INDRA', '2017-11-06 12:31:32', NULL, NULL),
('M005', 'Fruit Salad', '', '30000', 'INDRA', '2017-11-06 12:31:32', NULL, NULL),
('M006', 'Nanas Udang Salad', '', '40000', 'INDRA', '2017-11-06 12:31:32', NULL, NULL),
('M007', 'Ayam Betutu Salad', '', '35000', 'INDRA', '2017-11-06 12:31:32', NULL, NULL),
('M008', 'Lumpia Rempah Wangi', '', '40000', 'INDRA', '2017-11-06 12:31:32', NULL, NULL),
('M009', 'Tahu Isi Patin', '', '40000', 'INDRA', '2017-11-06 12:31:32', NULL, NULL),
('M010', 'Risoles', '', '45000', 'INDRA', '2017-11-06 12:31:32', NULL, NULL),
('M011', 'Cumi Bogasari', '', '45000', 'INDRA', '2017-11-06 12:31:32', NULL, NULL),
('M012', 'Mendoan ', '', '25000', 'INDRA', '2017-11-06 12:31:32', NULL, NULL),
('M013', 'Bakwan Sayur', '', '25000', 'INDRA', '2017-11-06 12:31:32', NULL, NULL),
('M014', 'Soup Iga Kadeudeuh', '', '65000', 'INDRA', '2017-11-06 12:31:32', NULL, NULL),
('M015', 'Soup Asam Iga', '', '65000', 'INDRA', '2017-11-06 12:31:32', NULL, NULL),
('M016', 'Soup Buntut Rempah Wangi', '', '70000', 'INDRA', '2017-11-06 12:31:32', NULL, NULL),
('M017', 'Soup Buntut Garang Asam', '', '70000', 'INDRA', '2017-11-06 12:31:32', NULL, NULL),
('M018', 'Soup Gurame Tanpa Tulang', '', '55000', 'INDRA', '2017-11-06 12:31:32', NULL, NULL),
('M019', 'Soup Patin Bening', '', '55000', 'INDRA', '2017-11-06 12:31:32', 'INDRA', '2017-11-06 12:58:54'),
('M020', 'Soto Kuning Tarogong + Np', '', '55000', 'INDRA', '2017-11-06 12:31:32', NULL, NULL),
('M021', 'Soto Bogor + Np', '', '55000', 'INDRA', '2017-11-06 12:31:32', NULL, NULL),
('M022', 'Soto Banjar + Np', '', '55000', 'INDRA', '2017-11-06 12:31:32', NULL, NULL),
('M023', 'Soto Patin', '', '45000', 'INDRA', '2017-11-06 12:31:32', NULL, NULL),
('M024', 'Soup Asam Iga Kedondong', '', '65000', 'INDRA', '2017-11-06 12:31:32', NULL, NULL),
('M025', 'Patin Bakar Istana', '', '75000', 'INDRA', '2017-11-06 12:31:32', NULL, NULL),
('M026', 'Patin Bakar Rempah Wangi /ons', '', '12000', 'INDRA', '2017-11-06 12:31:32', NULL, NULL),
('M027', 'Patin Bambu Bakar', '', '85000', 'INDRA', '2017-11-06 12:31:32', NULL, NULL),
('M028', 'Patin Bakar Bambu /ons', '', '12000', 'INDRA', '2017-11-06 12:31:32', NULL, NULL),
('M029', 'Pindang Patin Serani Kahayan', '', '45000', 'INDRA', '2017-11-06 12:31:32', NULL, NULL),
('M030', 'Pindang Patin /ons', '', '12000', 'INDRA', '2017-11-06 12:31:32', NULL, NULL),
('M031', 'Patin Gr Asam Manis /ons', '', '12000', 'INDRA', '2017-11-06 12:31:32', NULL, NULL),
('M032', 'Patin Bumbu Rujak', '', '70000', 'INDRA', '2017-11-06 12:31:32', NULL, NULL),
('M033', 'Patin Gr Dabu Dabu', '', '55000', 'INDRA', '2017-11-06 12:31:32', NULL, NULL),
('M034', 'Patin Katsu', '', '55000', 'INDRA', '2017-11-06 12:31:32', NULL, NULL),
('M035', 'Patin Gr Tiga Rasa /ons', '', '12000', 'INDRA', '2017-11-06 12:31:32', NULL, NULL),
('M036', 'Patin Cobek /ons', '', '12000', 'INDRA', '2017-11-06 12:31:32', NULL, NULL),
('M037', 'Patin Gr Cabe Hijau', '', '55000', 'INDRA', '2017-11-06 12:31:32', NULL, NULL),
('M038', 'Patin Gr Cabe Garam', '', '55000', 'INDRA', '2017-11-06 12:31:32', NULL, NULL),
('M039', 'Patin Gr Istana rempah', '', '75000', 'INDRA', '2017-11-06 12:31:32', NULL, NULL),
('M040', 'Patin Gr Kayangan /ons', '', '12000', 'INDRA', '2017-11-06 12:31:32', NULL, NULL),
('M041', 'Bakso & Wonton Patin rempah', '', '45000', 'INDRA', '2017-11-06 12:31:32', NULL, NULL),
('M042', 'Tim Patin Istimewa', '', '12000', 'INDRA', '2017-11-06 12:31:32', NULL, NULL),
('M043', 'Patin Kuning Batang Sereh', '', '12000', 'INDRA', '2017-11-06 12:31:32', NULL, NULL),
('M044', 'Patin Asap', '', '12000', 'INDRA', '2017-11-06 12:31:32', NULL, NULL),
('M045', 'Gurame Gr Rempah Wangi /ons', '', '15000', 'INDRA', '2017-11-06 12:31:32', NULL, NULL),
('M046', 'Gurame Kayangan /ons', '', '15000', 'INDRA', '2017-11-06 12:31:32', NULL, NULL),
('M047', 'Gurame Asam Manis /ons', '', '15000', 'INDRA', '2017-11-06 12:31:32', NULL, NULL),
('M048', 'Gurame Bakar /ons', '', '15000', 'INDRA', '2017-11-06 12:31:32', NULL, NULL),
('M049', 'Gurame Tiga Rasa /ons', '', '15000', 'INDRA', '2017-11-06 12:31:32', NULL, NULL),
('M050', 'Pindang Gurame /ons', '', '15000', 'INDRA', '2017-11-06 12:31:32', NULL, NULL),
('M051', 'Gurame Pampra /ons', '', '15000', 'INDRA', '2017-11-06 12:31:32', NULL, NULL),
('M052', 'Gulai Kepala Kakap', '', '75000', 'INDRA', '2017-11-06 12:31:32', NULL, NULL),
('M053', 'Ayam Taliwang 1/2 ekor', '', '60000', 'INDRA', '2017-11-06 12:31:32', NULL, NULL),
('M054', 'Ayam Taliwang 1 ekor', '', '120000', 'INDRA', '2017-11-06 12:31:32', NULL, NULL),
('M055', 'Ayam Bakakak', '', '60000', 'INDRA', '2017-11-06 12:31:32', NULL, NULL),
('M056', 'Ayam Gr Percik', '', '60000', 'INDRA', '2017-11-06 12:31:32', NULL, NULL),
('M057', 'Ayam Curry', '', '50000', 'INDRA', '2017-11-06 12:31:32', NULL, NULL),
('M058', 'Ayam Geger ', '', '65000', 'INDRA', '2017-11-06 12:31:32', NULL, NULL),
('M059', 'Ayam Klaten Mbah Semar', '', '65000', 'INDRA', '2017-11-06 12:31:32', NULL, NULL),
('M060', 'Chicken Satay Banyumas', '', '60000', 'INDRA', '2017-11-06 12:31:32', NULL, NULL),
('M061', 'Bebek Bengil', '', '75000', 'INDRA', '2017-11-06 12:31:32', NULL, NULL),
('M062', 'Bebek Jimbaran', '', '75000', 'INDRA', '2017-11-06 12:31:32', NULL, NULL),
('M063', 'Bebek Tumis Cabe Hijau', '', '70000', 'INDRA', '2017-11-06 12:31:32', NULL, NULL),
('M064', 'Bebek Tik Tok Jeruk Purut', '', '70000', 'INDRA', '2017-11-06 12:31:32', NULL, NULL),
('M065', 'Tumis Brokoli Cah Sapi', '', '45000', 'INDRA', '2017-11-06 12:31:32', NULL, NULL),
('M066', 'Tauge Ikan Asin', '', '40000', 'INDRA', '2017-11-06 12:31:32', NULL, NULL),
('M067', 'Tumis Buncis Ayam Jamur', '', '40000', 'INDRA', '2017-11-06 12:31:32', NULL, NULL),
('M068', 'Tumis Kangkung Terasi', '', '40000', 'INDRA', '2017-11-06 12:31:32', NULL, NULL),
('M069', 'Pare Cah Telur', '', '40000', 'INDRA', '2017-11-06 12:31:32', NULL, NULL),
('M070', 'Nasi Putih/Nasi Merah', '', '8000', 'INDRA', '2017-11-06 12:31:32', NULL, NULL),
('M071', 'Nasi Goreng Rempah Wangi', '', '47000', 'INDRA', '2017-11-06 12:31:32', NULL, NULL),
('M072', 'Nasi Goreng Komplit', '', '45000', 'INDRA', '2017-11-06 12:31:32', NULL, NULL),
('M073', 'Nasi Goreng Petroek', '', '55000', 'INDRA', '2017-11-06 12:31:32', NULL, NULL),
('M074', 'Nasi Bakar Sancang', '', '50000', 'INDRA', '2017-11-06 12:31:32', NULL, NULL),
('M075', 'Nasi Goreng Ekor Sapi', '', '60000', 'INDRA', '2017-11-06 12:31:32', NULL, NULL),
('M076', 'Mie Goreng Jawa', '', '45000', 'INDRA', '2017-11-06 12:31:32', NULL, NULL),
('M077', 'Kwetiaw Goreng ', '', '45000', 'INDRA', '2017-11-06 12:31:32', NULL, NULL),
('M078', 'Bihun Goreng Bantul', '', '45000', 'INDRA', '2017-11-06 12:31:32', NULL, NULL),
('M079', 'Sop Bakmi', '', '45000', 'INDRA', '2017-11-06 12:31:32', NULL, NULL),
('M080', ' tape bakar', '', '30000', 'INDRA', '2017-11-06 12:31:32', NULL, NULL),
('M081', 'pisang bakar', '', '30000', 'INDRA', '2017-11-06 12:31:32', NULL, NULL),
('M082', 'tape goreng', '', '30000', 'INDRA', '2017-11-06 12:31:32', NULL, NULL),
('M083', 'singkong wijen', '', '52000', 'INDRA', '2017-11-06 12:31:32', NULL, NULL),
('M084', 'colenak', '', '40000', 'INDRA', '2017-11-06 12:31:32', NULL, NULL),
('M085', 'pisang goreng', '', '30000', 'INDRA', '2017-11-06 12:31:32', NULL, NULL),
('M086', 'pisang gulung', '', '45000', 'INDRA', '2017-11-06 12:31:32', NULL, NULL),
('M087', 'pisang tape jari', '', '30000', 'INDRA', '2017-11-06 12:31:32', NULL, NULL),
('M088', 'es/hot rempah wangi', '', '25000', 'INDRA', '2017-11-06 12:31:32', NULL, NULL),
('M089', 'es beras kencur', '', '25000', 'INDRA', '2017-11-06 12:31:32', NULL, NULL),
('M090', 'es gula asam lemon', '', '25000', 'INDRA', '2017-11-06 12:31:32', NULL, NULL),
('M091', 'es kelapa', '', '25000', 'INDRA', '2017-11-06 12:31:32', NULL, NULL),
('M092', 'es selasih mentimun', '', '25000', 'INDRA', '2017-11-06 12:31:32', NULL, NULL),
('M093', 'es cendol', '', '30000', 'INDRA', '2017-11-06 12:31:32', NULL, NULL),
('M094', 'es sirsak kelapa', '', '35000', 'INDRA', '2017-11-06 12:31:32', NULL, NULL),
('M095', 'wedang jahe', '', '25000', 'INDRA', '2017-11-06 12:31:32', NULL, NULL),
('M096', 'es campur', '', '35000', 'INDRA', '2017-11-06 12:31:32', NULL, NULL),
('M097', 'cocorange', '', '35000', 'INDRA', '2017-11-06 12:31:32', NULL, NULL),
('M098', 'coca cola', '', '25000', 'INDRA', '2017-11-06 12:31:32', NULL, NULL),
('M099', 'sprite', '', '25000', 'INDRA', '2017-11-06 12:31:32', NULL, NULL),
('M100', 'fanta', '', '25000', 'INDRA', '2017-11-06 12:31:32', NULL, NULL),
('M101', 'fresh orange juice', '', '30000', 'INDRA', '2017-11-06 12:31:32', NULL, NULL),
('M102', 'strawberry jc', '', '30000', 'INDRA', '2017-11-06 12:31:32', NULL, NULL),
('M103', 'watermellon jc', '', '30000', 'INDRA', '2017-11-06 12:31:32', NULL, NULL),
('M104', 'lime jc', '', '30000', 'INDRA', '2017-11-06 12:31:32', NULL, NULL),
('M105', 'honeydew jc', '', '30000', 'INDRA', '2017-11-06 12:31:32', NULL, NULL),
('M106', 'orange carrot', '', '35000', 'INDRA', '2017-11-06 12:31:32', NULL, NULL),
('M107', 'melon leci', '', '35000', 'INDRA', '2017-11-06 12:31:32', NULL, NULL),
('M108', 'apel wortel ', '', '35000', 'INDRA', '2017-11-06 12:31:32', NULL, NULL),
('M109', 'avocado jc', '', '35000', 'INDRA', '2017-11-06 12:31:32', NULL, NULL),
('M110', 'black coffee', '', '20000', 'INDRA', '2017-11-06 12:31:32', NULL, NULL),
('M111', 'coffee late', '', '28000', 'INDRA', '2017-11-06 12:31:32', NULL, NULL),
('M112', 'double espresso', '', '30000', 'INDRA', '2017-11-06 12:31:32', NULL, NULL),
('M113', 'espresso', '', '25000', 'INDRA', '2017-11-06 12:31:32', NULL, NULL),
('M114', 'ice/hot cappuchino', '', '30000', 'INDRA', '2017-11-06 12:31:32', NULL, NULL),
('M115', 'hot/ice chocolate', '', '30000', 'INDRA', '2017-11-06 12:31:32', NULL, NULL),
('M116', 'mineral water', '', '12000', 'INDRA', '2017-11-06 12:31:32', NULL, NULL),
('M117', 'ice tea', '', '15000', 'INDRA', '2017-11-06 12:31:32', NULL, NULL),
('M118', 'hot tea', '', '15000', 'INDRA', '2017-11-06 12:31:32', NULL, NULL),
('M119', 'hot/ice lemon tea', '', '15000', 'INDRA', '2017-11-06 12:31:32', NULL, NULL),
('M120', 'dilmah jasmine', '', '20000', 'INDRA', '2017-11-06 12:31:32', NULL, NULL),
('M121', 'dilmah grentea', '', '20000', 'INDRA', '2017-11-06 12:31:32', NULL, NULL),
('M122', 'bir bintang', '', '35000', 'INDRA', '2017-11-06 12:31:32', NULL, NULL),
('M123', 'es karang asem', '', '30000', 'INDRA', '2017-11-06 12:31:32', NULL, NULL),
('M124', 'katulistiwa', '', '30000', 'INDRA', '2017-11-06 12:31:32', NULL, NULL),
('M125', 'lazy strawberry', '', '30000', 'INDRA', '2017-11-06 12:31:32', NULL, NULL),
('M126', 'hijau daun', '', '30000', 'INDRA', '2017-11-06 12:31:32', NULL, NULL),
('M127', 'slush strawberry', '', '30000', 'INDRA', '2017-11-06 12:31:32', NULL, NULL),
('M128', 'vanilla blossom', '', '30000', 'INDRA', '2017-11-06 12:31:32', NULL, NULL),
('M129', 'double frezz chocolate', '', '30000', 'INDRA', '2017-11-06 12:31:32', NULL, NULL),
('M130', 'cheberry smoothies', '', '30000', 'INDRA', '2017-11-06 12:31:32', NULL, NULL),
('M131', 'bunga lawang package', '', '700000', 'INDRA', '2017-11-06 12:31:32', NULL, NULL),
('M132', 'kayu manis package', '', '800000', 'INDRA', '2017-11-06 12:31:32', NULL, NULL),
('M133', 'kapulaga package', '', '900000', 'INDRA', '2017-11-06 12:31:32', NULL, NULL),
('M134', 'meeting package halfday', '', '200000', 'INDRA', '2017-11-06 12:31:32', NULL, NULL),
('M135', 'meeting package fullday', '', '250000', 'INDRA', '2017-11-06 12:31:32', NULL, NULL),
('M136', 'banana fritters', '', '20000', 'INDRA', '2017-11-06 12:31:32', NULL, NULL),
('M137', 'putri ayu kahayan', '', '25000', 'INDRA', '2017-11-06 12:31:32', NULL, NULL),
('M138', 'chocolate cake', '', '35000', 'INDRA', '2017-11-06 12:31:32', NULL, NULL),
('M139', 'puding panacotta', '', '35000', 'INDRA', '2017-11-06 12:31:32', NULL, NULL),
('M140', 'wedang secang', '', '25000', 'INDRA', '2017-11-06 12:31:32', NULL, NULL),
('M141', 'peach tea', '', '28000', 'INDRA', '2017-11-06 12:31:32', NULL, NULL),
('M142', 'lychee tea', '', '28000', 'INDRA', '2017-11-06 12:31:32', NULL, NULL),
('M143', 'soda water', '', '25000', 'INDRA', '2017-11-06 12:31:32', NULL, NULL),
('M144', 'soda gembira', '', '25000', 'INDRA', '2017-11-06 12:31:32', NULL, NULL),
('M145', 'thai tea', '', '33000', 'INDRA', '2017-11-06 12:31:32', NULL, NULL),
('M146', 'macha late', '', '33000', 'INDRA', '2017-11-06 12:31:32', NULL, NULL),
('M147', 'es cincau hitam', '', '25000', 'INDRA', '2017-11-06 12:31:32', NULL, NULL),
('M148', 'es sekoteng', '', '30000', 'INDRA', '2017-11-06 12:31:32', NULL, NULL),
('M149', 'burger kahayan', '', '50000', 'INDRA', '2017-11-06 12:31:32', NULL, NULL),
('M150', 'patin asian rolls', '', '40000', 'INDRA', '2017-11-06 12:31:32', NULL, NULL),
('M151', 'fish & chips', '', '45000', 'INDRA', '2017-11-06 12:31:32', NULL, NULL),
('M152', 'chicken sandwich', '', '40000', 'INDRA', '2017-11-06 12:31:32', NULL, NULL),
('M153', 'chicken wings', '', '30000', 'INDRA', '2017-11-06 12:31:32', NULL, NULL),
('M154', 'french fries', '', '20000', 'INDRA', '2017-11-06 12:31:32', NULL, NULL),
('M155', 'red velvet latte', '', '38000', 'INDRA', '2017-11-06 12:31:32', NULL, NULL),
('M156', 'salted caramel latte', '', '38000', 'INDRA', '2017-11-06 12:31:32', NULL, NULL),
('M157', 'chocolate milkashake', '', '38000', 'INDRA', '2017-11-06 12:31:32', NULL, NULL),
('M158', 'vanilla milkshake', '', '38000', 'INDRA', '2017-11-06 12:31:32', NULL, NULL),
('M159', 'mint temptation', '', '33000', 'INDRA', '2017-11-06 12:31:32', NULL, NULL),
('M160', 'bloody mary', '', '33000', 'INDRA', '2017-11-06 12:31:32', NULL, NULL),
('M161', 'oreo cookie crumble', '', '35000', 'INDRA', '2017-11-06 12:31:32', NULL, NULL),
('M162', 'lemon squash', '', '27000', 'INDRA', '2017-11-06 12:31:32', NULL, NULL),
('M163', 'avocado coffee', '', '33000', 'INDRA', '2017-11-06 12:31:32', NULL, NULL),
('M164', 'hazelnut latte', '', '32000', 'INDRA', '2017-11-06 12:31:32', NULL, NULL),
('M165', 'caramel latte', '', '32000', 'INDRA', '2017-11-06 12:31:32', NULL, NULL),
('M166', 'mozelnut latte', '', '35000', 'INDRA', '2017-11-06 12:31:32', NULL, NULL),
('M167', 'coffee mocha', '', '32000', 'INDRA', '2017-11-06 12:31:32', NULL, NULL),
('M168', 'nutellacinno', '', '35000', 'INDRA', '2017-11-06 12:31:32', NULL, NULL),
('M169', 'Mixed Nugget', '', '30000', 'INDRA', '2017-11-06 12:31:32', NULL, NULL),
('M170', 'Sate Ayam Warisan', '', '60000', 'INDRA', '2017-11-06 12:31:32', NULL, NULL),
('M171', 'Patin Bumbu Rujak', '', '70000', 'INDRA', '2017-11-06 12:31:32', NULL, NULL),
('M172', 'Tumis Terong Daging Sapi', '', '50000', 'INDRA', '2017-11-06 12:31:32', NULL, NULL),
('M173', 'Nasi Goreng Istana', '', '47000', 'INDRA', '2017-11-06 12:31:32', NULL, NULL),
('M174', 'Cassava Stick', '', '10000', 'INDRA', '2017-11-06 12:31:32', NULL, NULL),
('M175', 'Yellow Rice', '', '10000', 'INDRA', '2017-11-06 12:31:32', NULL, NULL),
('M176', 'twinnings tea', '', '30000', 'INDRA', '2017-11-06 12:31:32', NULL, NULL),
('M177', 'ristretto', '', '23000', 'INDRA', '2017-11-06 12:31:32', NULL, NULL),
('M178', 'Long Black', '', '25000', 'INDRA', '2017-11-06 12:31:32', NULL, NULL),
('M179', 'Affogato', '', '30000', 'INDRA', '2017-11-06 12:31:32', NULL, NULL),
('M180', 'Macchiato', '', '28000', 'INDRA', '2017-11-06 12:31:32', NULL, NULL),
('M181', 'Caramel Machiato', '', '32000', 'INDRA', '2017-11-06 12:31:32', NULL, NULL),
('M182', 'Paket Petroek 1', '', '40000', 'INDRA', '2017-11-06 12:31:32', NULL, NULL),
('M183', 'Paket Petroek 2', '', '40000', 'INDRA', '2017-11-06 12:31:32', NULL, NULL),
('M184', 'Paket Bentani 1', '', '48000', 'INDRA', '2017-11-06 12:31:32', NULL, NULL),
('M185', 'Paket Bentani 2', '', '48000', 'INDRA', '2017-11-06 12:31:32', NULL, NULL),
('M186', 'Paket Zam 1', '', '45000', 'INDRA', '2017-11-06 12:31:32', NULL, NULL),
('M187', 'Paket Zam 2', '', '45000', 'INDRA', '2017-11-06 12:31:32', NULL, NULL),
('M188', 'Paket Kujang 1', '', '50000', 'INDRA', '2017-11-06 12:31:32', NULL, NULL),
('M189', 'Paket Kujang 2', '', '50000', 'INDRA', '2017-11-06 12:31:32', NULL, NULL),
('M190', 'Karedok', '', '40000', 'INDRA', '2017-11-06 12:31:32', NULL, NULL);

-- --------------------------------------------------------

--
-- Table structure for table `tm_parlevel`
--

CREATE TABLE `tm_parlevel` (
  `fs_kd_parent` varchar(2) NOT NULL,
  `fs_kd_child` varchar(4) NOT NULL,
  `fs_level` varchar(20) DEFAULT NULL,
  `fs_index` varchar(20) DEFAULT NULL
) ENGINE=InnoDB DEFAULT CHARSET=utf8;

--
-- Dumping data for table `tm_parlevel`
--

INSERT INTO `tm_parlevel` (`fs_kd_parent`, `fs_kd_child`, `fs_level`, `fs_index`) VALUES
('1', '', 'SUPERADMIN', '1'),
('1', '200', 'SUPERADMIN', '1'),
('1', '201', 'SUPERADMIN', '1'),
('1', '202', 'SUPERADMIN', '1'),
('10', '', 'SUPERADMIN', '1'),
('10', '400', 'SUPERADMIN', '1'),
('5', '', 'SUPERADMIN', '1'),
('5', '300', 'SUPERADMIN', '1'),
('5', '301', 'SUPERADMIN', '1'),
('5', '302', 'SUPERADMIN', '1'),
('5', '303', 'SUPERADMIN', '1'),
('1', '', 'KASIR', '1'),
('1', '201', 'KASIR', '1'),
('10', '', 'KASIR', '1'),
('10', '400', 'KASIR', '1'),
('5', '', 'KASIR', '1'),
('5', '300', 'KASIR', '1'),
('5', '302', 'KASIR', '1');

-- --------------------------------------------------------

--
-- Table structure for table `tm_pembayaran`
--

CREATE TABLE `tm_pembayaran` (
  `fs_kode_pembayaran` varchar(5) NOT NULL,
  `fs_nama_pembayaran` varchar(45) NOT NULL,
  `fs_aktif` enum('0','1') DEFAULT '1',
  `fs_user_buat` varchar(15) NOT NULL,
  `fd_tanggal_buat` datetime NOT NULL,
  `fs_user_edit` varchar(15) DEFAULT NULL,
  `fd_tanggal_edit` datetime DEFAULT NULL
) ENGINE=InnoDB DEFAULT CHARSET=utf8;

--
-- Dumping data for table `tm_pembayaran`
--

INSERT INTO `tm_pembayaran` (`fs_kode_pembayaran`, `fs_nama_pembayaran`, `fs_aktif`, `fs_user_buat`, `fd_tanggal_buat`, `fs_user_edit`, `fd_tanggal_edit`) VALUES
('CA', 'CASH', '1', 'INDRA', '2017-11-08 14:11:44', NULL, NULL),
('CC1', 'VISA CARD', '1', 'INDRA', '2017-11-08 11:06:27', NULL, NULL),
('CC2', 'MASTER CARD', '1', 'INDRA', '2017-11-08 14:11:32', NULL, NULL);

-- --------------------------------------------------------

--
-- Table structure for table `tm_referensi`
--

CREATE TABLE `tm_referensi` (
  `fs_kode_referensi` varchar(20) NOT NULL,
  `fs_nilai1_referensi` varchar(15) NOT NULL,
  `fs_nilai2_referensi` varchar(15) DEFAULT NULL,
  `fs_nama_referensi` varchar(50) NOT NULL,
  `fs_user_buat` varchar(15) NOT NULL,
  `fd_tanggal_buat` datetime NOT NULL,
  `fs_user_edit` varchar(15) NOT NULL,
  `fd_tanggal_edit` datetime NOT NULL
) ENGINE=InnoDB DEFAULT CHARSET=utf8;

--
-- Dumping data for table `tm_referensi`
--

INSERT INTO `tm_referensi` (`fs_kode_referensi`, `fs_nilai1_referensi`, `fs_nilai2_referensi`, `fs_nama_referensi`, `fs_user_buat`, `fd_tanggal_buat`, `fs_user_edit`, `fd_tanggal_edit`) VALUES
('kategori_menu', 'BP', '', 'BEEF & POULTRY', '', '0000-00-00 00:00:00', '', '0000-00-00 00:00:00'),
('kategori_menu', 'BV', '', 'BEVERAGE', '', '0000-00-00 00:00:00', '', '0000-00-00 00:00:00'),
('kategori_menu', 'DS', '', 'DESSERT', '', '0000-00-00 00:00:00', '', '0000-00-00 00:00:00'),
('kategori_menu', 'FS', '', 'FISH', '', '0000-00-00 00:00:00', '', '0000-00-00 00:00:00'),
('kategori_menu', 'OR', '', 'OXTAIL & RIBS', '', '0000-00-00 00:00:00', '', '0000-00-00 00:00:00'),
('kategori_menu', 'RN', '', 'RICE & NOODLE', '', '0000-00-00 00:00:00', '', '0000-00-00 00:00:00'),
('kategori_menu', 'SF', '', 'SEAFOOD', '', '0000-00-00 00:00:00', '', '0000-00-00 00:00:00'),
('kategori_menu', 'SP', '', 'SMALL PLATES', '', '0000-00-00 00:00:00', '', '0000-00-00 00:00:00'),
('kategori_menu', 'VT', '', 'VEGETABLES', '', '0000-00-00 00:00:00', '', '0000-00-00 00:00:00'),
('nomor_meja', '1', '', 'D14', '', '0000-00-00 00:00:00', '', '0000-00-00 00:00:00'),
('ppn', '0.1', '', '10 PERSEN', '', '0000-00-00 00:00:00', '', '0000-00-00 00:00:00'),
('service_charge', '0.055', '', '5.5 PERSEN', '', '0000-00-00 00:00:00', '', '0000-00-00 00:00:00');

-- --------------------------------------------------------

--
-- Table structure for table `tm_user`
--

CREATE TABLE `tm_user` (
  `fs_username` varchar(15) NOT NULL,
  `fs_password` varchar(50) NOT NULL,
  `fs_level_user` varchar(20) NOT NULL,
  `fd_last_login` datetime NOT NULL DEFAULT '0000-00-00 00:00:00',
  `fs_ip_address` varchar(15) DEFAULT NULL,
  `fs_aktif` set('0','1') NOT NULL DEFAULT '0',
  `fd_ganti_pass` datetime DEFAULT NULL,
  `fs_user_buat` varchar(15) NOT NULL,
  `fd_tanggal_buat` datetime NOT NULL,
  `fs_user_edit` varchar(15) DEFAULT NULL,
  `fd_tanggal_edit` datetime DEFAULT NULL
) ENGINE=InnoDB DEFAULT CHARSET=utf8;

--
-- Dumping data for table `tm_user`
--

INSERT INTO `tm_user` (`fs_username`, `fs_password`, `fs_level_user`, `fd_last_login`, `fs_ip_address`, `fs_aktif`, `fd_ganti_pass`, `fs_user_buat`, `fd_tanggal_buat`, `fs_user_edit`, `fd_tanggal_edit`) VALUES
('ANDREW', '79d0b25f760684f1f9249f1a1e104071', 'SUPERADMIN', '2017-11-06 10:20:16', '192.168.3.127', '1', NULL, 'INDRA', '2017-11-06 10:18:13', 'ANDREW', '2017-11-06 10:20:16'),
('CHRISTINE', '25dedea24075da65cac323185d3ed4a5', 'KASIR', '2017-11-09 11:48:27', '::1', '0', NULL, 'INDRA', '2017-11-09 11:48:13', 'CHRISTINE', '2017-11-09 11:48:27'),
('INDRA', '59a920b4b99558bcbed3fee8405e1042', 'SUPERADMIN', '2017-11-13 18:52:25', '192.168.3.98', '1', NULL, 'INDRA', '2017-11-05 15:56:47', 'INDRA', '2017-11-13 18:52:25');

-- --------------------------------------------------------

--
-- Table structure for table `tx_order_detail`
--

CREATE TABLE `tx_order_detail` (
  `fs_no_order` varchar(9) NOT NULL,
  `fs_kode_menu` varchar(5) NOT NULL,
  `fn_qty` int(4) NOT NULL,
  `fn_harga` decimal(8,0) NOT NULL,
  `fn_itemtotal` decimal(8,0) NOT NULL,
  `fs_user_buat` varchar(15) NOT NULL,
  `fd_tanggal_buat` datetime NOT NULL
) ENGINE=InnoDB DEFAULT CHARSET=utf8;

--
-- Dumping data for table `tx_order_detail`
--

INSERT INTO `tx_order_detail` (`fs_no_order`, `fs_kode_menu`, `fn_qty`, `fn_harga`, `fn_itemtotal`, `fs_user_buat`, `fd_tanggal_buat`) VALUES
('1700001', 'M001', 2, '40000', '0', 'INDRA', '2017-11-08 15:14:00'),
('1700001', 'M011', 3, '45000', '0', 'INDRA', '2017-11-08 15:14:00'),
('1700001', 'M012', 1, '25000', '0', 'INDRA', '2017-11-08 15:14:00'),
('1700001', 'M010', 5, '45000', '0', 'INDRA', '2017-11-08 15:14:00'),
('1700002', 'M003', 1, '42000', '0', 'INDRA', '2017-11-08 15:50:16'),
('1700002', 'M006', 2, '40000', '0', 'INDRA', '2017-11-08 15:50:16'),
('1700002', 'M013', 3, '25000', '0', 'INDRA', '2017-11-08 15:50:16'),
('1700003', 'M002', 2, '40000', '0', 'INDRA', '2017-11-08 16:02:35'),
('1700003', 'M012', 2, '25000', '0', 'INDRA', '2017-11-08 16:02:35'),
('1700003', 'M014', 2, '65000', '0', 'INDRA', '2017-11-08 16:02:35'),
('1700004', 'M005', 1, '30000', '0', 'INDRA', '2017-11-08 16:07:14'),
('1700004', 'M009', 10, '40000', '0', 'INDRA', '2017-11-08 16:07:14'),
('1700004', 'M012', 3, '25000', '0', 'INDRA', '2017-11-08 16:07:14'),
('1700005', 'M008', 2, '40000', '80000', 'INDRA', '2017-11-09 09:41:36'),
('1700005', 'M010', 5, '45000', '225000', 'INDRA', '2017-11-09 09:41:37'),
('1700006', 'M007', 6, '35000', '210000', 'INDRA', '2017-11-09 10:24:56'),
('1700006', 'M013', 5, '25000', '125000', 'INDRA', '2017-11-09 10:24:56'),
('1700007', 'M003', 1, '42000', '42000', 'INDRA', '2017-11-09 11:41:20'),
('1700007', 'M002', 2, '40000', '80000', 'INDRA', '2017-11-09 11:41:20'),
('1700007', 'M013', 3, '25000', '75000', 'INDRA', '2017-11-09 11:41:20'),
('1700008', 'M009', 3, '40000', '120000', 'INDRA', '2017-11-09 13:45:18'),
('1700008', 'M148', 2, '30000', '60000', 'INDRA', '2017-11-09 13:45:18'),
('1700009', 'M007', 1, '35000', '35000', 'INDRA', '2017-11-09 13:48:40'),
('1700010', 'M010', 1, '45000', '45000', 'INDRA', '2017-11-09 13:51:52'),
('1700010', 'M009', 2, '40000', '80000', 'INDRA', '2017-11-09 13:51:52'),
('1700011', 'M007', 1, '35000', '35000', 'INDRA', '2017-11-09 13:58:55'),
('1700012', 'M008', 1, '40000', '40000', 'INDRA', '2017-11-09 14:00:52'),
('1700013', 'M009', 7, '40000', '280000', 'INDRA', '2017-11-09 14:18:22'),
('1700014', 'M172', 2, '50000', '100000', 'INDRA', '2017-11-09 14:31:20'),
('1700014', 'M024', 1, '65000', '65000', 'INDRA', '2017-11-09 14:31:20'),
('1700014', 'M041', 3, '45000', '135000', 'INDRA', '2017-11-09 14:31:20'),
('1700015', 'M002', 3, '40000', '120000', 'INDRA', '2017-11-09 15:47:28'),
('1700015', 'M005', 2, '30000', '60000', 'INDRA', '2017-11-09 15:47:28');

-- --------------------------------------------------------

--
-- Table structure for table `tx_order_header`
--

CREATE TABLE `tx_order_header` (
  `fs_no_order` varchar(9) NOT NULL,
  `fs_nama_tamu` varchar(45) NOT NULL,
  `fs_no_meja` varchar(5) DEFAULT NULL,
  `fn_jumlah_tamu` int(3) DEFAULT NULL,
  `fs_kode_pembayaran` varchar(5) NOT NULL,
  `fn_subtotal` decimal(9,0) NOT NULL,
  `fn_serv_charge` decimal(7,0) NOT NULL,
  `fn_ppn` decimal(7,0) NOT NULL,
  `fn_total_bill` decimal(10,0) NOT NULL,
  `fn_uang_bayar` decimal(9,0) NOT NULL,
  `fn_uang_kembali` decimal(9,0) NOT NULL,
  `fs_user_buat` varchar(15) NOT NULL,
  `fd_tanggal_buat` datetime NOT NULL,
  `fs_user_edit` varchar(15) DEFAULT NULL,
  `fd_tanggal_edit` datetime DEFAULT NULL
) ENGINE=InnoDB DEFAULT CHARSET=utf8;

--
-- Dumping data for table `tx_order_header`
--

INSERT INTO `tx_order_header` (`fs_no_order`, `fs_nama_tamu`, `fs_no_meja`, `fn_jumlah_tamu`, `fs_kode_pembayaran`, `fn_subtotal`, `fn_serv_charge`, `fn_ppn`, `fn_total_bill`, `fn_uang_bayar`, `fn_uang_kembali`, `fs_user_buat`, `fd_tanggal_buat`, `fs_user_edit`, `fd_tanggal_edit`) VALUES
('1700001', 'UMUM', '1', 2, 'CA', '465000', '25575', '46500', '537075', '600000', '62925', 'INDRA', '2017-11-08 15:14:00', NULL, NULL),
('1700002', 'UMUM', '1', 2, 'CA', '197000', '10835', '19700', '227535', '300000', '72465', 'INDRA', '2017-11-08 15:50:16', NULL, NULL),
('1700003', 'UMUM', '1', 4, 'CC2', '260000', '14300', '26000', '300300', '310000', '9700', 'INDRA', '2017-11-08 16:02:35', NULL, NULL),
('1700004', 'ANDREW', '1', 4, 'CA', '505000', '27775', '50500', '583275', '600000', '16725', 'INDRA', '2017-11-08 16:07:14', NULL, NULL),
('1700005', 'UMUM', '1', 3, 'CA', '305000', '16775', '30500', '352275', '0', '0', 'INDRA', '2017-11-09 09:41:37', NULL, NULL),
('1700006', 'UMUM', '1', 3, 'CC1', '335000', '18425', '33500', '386925', '386925', '0', 'INDRA', '2017-11-09 10:24:56', NULL, NULL),
('1700007', 'BENNY', '1', 2, 'CA', '197000', '10835', '19700', '227535', '300000', '72465', 'INDRA', '2017-11-09 11:41:20', NULL, NULL),
('1700008', 'UMUM', '1', 2, 'CA', '180000', '9900', '18000', '207900', '210000', '2100', 'INDRA', '2017-11-09 13:43:55', NULL, NULL),
('1700009', 'UMUM', '1', 1, 'CA', '35000', '1925', '3500', '40425', '40500', '75', 'INDRA', '2017-11-09 13:48:40', NULL, NULL),
('1700010', 'UMUM', '1', 2, 'CA', '125000', '6875', '12500', '144375', '150000', '5625', 'INDRA', '2017-11-09 13:51:52', NULL, NULL),
('1700011', 'UMUM', '1', 2, 'CC1', '35000', '1925', '3500', '40425', '0', '0', 'INDRA', '2017-11-09 13:54:17', NULL, NULL),
('1700012', 'UMUM', '1', 1, 'CA', '40000', '2200', '4000', '46200', '0', '0', 'INDRA', '2017-11-09 14:00:52', NULL, NULL),
('1700013', 'UMUM', '1', 1, 'CA', '280000', '15400', '28000', '323400', '330000', '6600', 'INDRA', '2017-11-09 14:18:22', NULL, NULL),
('1700014', 'UMUM', '1', 2, 'CC1', '300000', '16500', '30000', '346500', '0', '0', 'INDRA', '2017-11-09 14:31:20', NULL, NULL),
('1700015', 'UMUM', '1', 2, 'CA', '180000', '9900', '18000', '207900', '300000', '92100', 'INDRA', '2017-11-09 15:47:28', NULL, NULL);

--
-- Indexes for dumped tables
--

--
-- Indexes for table `captcha`
--
ALTER TABLE `captcha`
  ADD PRIMARY KEY (`captcha_id`),
  ADD KEY `word` (`word`);

--
-- Indexes for table `ci_sessions`
--
ALTER TABLE `ci_sessions`
  ADD PRIMARY KEY (`id`),
  ADD KEY `ci_sessions_timestamp` (`timestamp`);

--
-- Indexes for table `config_email`
--
ALTER TABLE `config_email`
  ADD PRIMARY KEY (`email_id`);

--
-- Indexes for table `tb_log`
--
ALTER TABLE `tb_log`
  ADD PRIMARY KEY (`log_time`);

--
-- Indexes for table `tg_menu`
--
ALTER TABLE `tg_menu`
  ADD PRIMARY KEY (`id_menu`);

--
-- Indexes for table `tm_menu`
--
ALTER TABLE `tm_menu`
  ADD PRIMARY KEY (`fs_kode_menu`);

--
-- Indexes for table `tm_pembayaran`
--
ALTER TABLE `tm_pembayaran`
  ADD PRIMARY KEY (`fs_kode_pembayaran`);

--
-- Indexes for table `tm_referensi`
--
ALTER TABLE `tm_referensi`
  ADD PRIMARY KEY (`fs_kode_referensi`,`fs_nilai1_referensi`);

--
-- Indexes for table `tm_user`
--
ALTER TABLE `tm_user`
  ADD PRIMARY KEY (`fs_username`);

--
-- Indexes for table `tx_order_header`
--
ALTER TABLE `tx_order_header`
  ADD PRIMARY KEY (`fs_no_order`);

--
-- AUTO_INCREMENT for dumped tables
--

--
-- AUTO_INCREMENT for table `captcha`
--
ALTER TABLE `captcha`
  MODIFY `captcha_id` bigint(13) UNSIGNED NOT NULL AUTO_INCREMENT, AUTO_INCREMENT=40;
/*!40101 SET CHARACTER_SET_CLIENT=@OLD_CHARACTER_SET_CLIENT */;
/*!40101 SET CHARACTER_SET_RESULTS=@OLD_CHARACTER_SET_RESULTS */;
/*!40101 SET COLLATION_CONNECTION=@OLD_COLLATION_CONNECTION */;
