-- phpMyAdmin SQL Dump
-- version 4.6.5.2
-- https://www.phpmyadmin.net/
--
-- Host: 127.0.0.1
-- Generation Time: Aug 21, 2018 at 01:06 PM
-- Server version: 10.1.21-MariaDB
-- PHP Version: 7.0.27

SET SQL_MODE = "NO_AUTO_VALUE_ON_ZERO";
SET time_zone = "+00:00";


/*!40101 SET @OLD_CHARACTER_SET_CLIENT=@@CHARACTER_SET_CLIENT */;
/*!40101 SET @OLD_CHARACTER_SET_RESULTS=@@CHARACTER_SET_RESULTS */;
/*!40101 SET @OLD_COLLATION_CONNECTION=@@COLLATION_CONNECTION */;
/*!40101 SET NAMES utf8mb4 */;

--
-- Database: `resto`
--

-- --------------------------------------------------------

--
-- Table structure for table `captcha`
--

CREATE TABLE `captcha` (
  `captcha_id` bigint(13) UNSIGNED NOT NULL,
  `captcha_time` int(10) UNSIGNED NOT NULL,
  `ip_address` varchar(45) NOT NULL,
  `word` varchar(20) NOT NULL
) ENGINE=InnoDB DEFAULT CHARSET=utf8;

--
-- Dumping data for table `captcha`
--

INSERT INTO `captcha` (`captcha_id`, `captcha_time`, `ip_address`, `word`) VALUES
(55, 1527062814, '::1', 'DIT');

-- --------------------------------------------------------

--
-- Table structure for table `ci_sessions`
--

CREATE TABLE `ci_sessions` (
  `id` varchar(128) NOT NULL,
  `ip_address` varchar(45) NOT NULL,
  `timestamp` int(10) UNSIGNED NOT NULL DEFAULT '0',
  `data` blob NOT NULL
) ENGINE=InnoDB DEFAULT CHARSET=utf8;

--
-- Dumping data for table `ci_sessions`
--

INSERT INTO `ci_sessions` (`id`, `ip_address`, `timestamp`, `data`) VALUES
('30782tqqk97bteps34o5ikbr8gqfan1c', '::1', 1513596430, 0x5f5f63695f6c6173745f726567656e65726174657c693a313531333539363430383b766370747c643a313531333539363431313b6c6f67696e7c623a313b757365726e616d657c733a3137323a22356166366665626531313030373661653033643163643033326665306538393038613830396266623635633164383962646533653264343464623334306431653531613765393834333165393433373838616234376361396466613864383736646134666330376433393463323734663037383365613362376564633163346477663162354a4537506c764c4a6d45356f586b4d4d684f4e674f374a755871647a3645704d3242664363453d223b70617373776f72647c733a3231363a2264633730393863316462653362623332363538656239626639303632346331623965313966623162656539653231653231613364623539343937323736363436393939653335303735343839626138653565356335623331336134663562303364396163633734646362653661393339643134656364396430383138303564643045756173787a5a494d6d6b726e2f52506b4c774846674a2f526f7237334531646b7951786172453049592b304d745150696a46645759514d556a763936682b42624f44354458737a61364b726a2f57694c456d61413d3d223b6c6576656c757365727c733a3137323a2232376638623031343832313763346633306230613737323736373931653665323965636237333235363565633464623831666566633032313134383338353134613838623032626239323063623062356362333736366263636162303438636432626539373565353539316537393635646435316136353130636339316330332f6a564c6d6c5a73426a2f63616d54655543686a4d30786a4c614d5541336a684277477148366e73706f453d223b),
('43829b69d32a95c67913eac8ad73a5cc0c663989', '::1', 1521714827, 0x5f5f63695f6c6173745f726567656e65726174657c693a313532313731343832373b),
('5t1ap001sjao6t3dtrubuiqoabgh0a2r', '::1', 1513581697, 0x5f5f63695f6c6173745f726567656e65726174657c693a313531333538313639373b766370747c643a313531333537393734353b6c6f67696e7c623a313b757365726e616d657c733a3137323a2235313632333533616631343761646133333333666261623335643632343463383463643531326562313463363863653863396665633735346435656461666632613266656563366632353132666439303134393637613861623130363062656164333038656332333065643065353139383239626137616466333063356636356938532b552b39663274492f4c63444a36743277646173694c41725a5149697839334b545a6e627039686f3d223b70617373776f72647c733a3231363a2262313832633937353734353935363064633765636137613932626535653165623339346662663438616566396565316333356465633861633561323731636564623335356433393232336266316332663838323835663162313639356162333333303932313933323733353164623130393035386530613261393934646564344c557157734936746433696f68313138575774495830537064736a775033665a2f395559336a31773853556b6172736d4336663655454c6d6667456d2f2b5a363166646b48746f51564d555330514b5047444b7663513d3d223b6c6576656c757365727c733a3137323a2261346638666138386531366335383734616466613338393338363232633061363466623964303661646465623837633838643064643664643930383032383439653262303837303663666365663666303562636165656634336535383533666661653864306163646131343336353337623436623665313661643139346366324c5645746d663756665073613658626679446750517874466d6249493557306449754132645443524754413d223b),
('86jndtcjbu6118a6gmgvnjs68ndb8l9v', '::1', 1513594844, 0x5f5f63695f6c6173745f726567656e65726174657c693a313531333539343834303b766370747c643a313531333539343834353b),
('bsthgqkrkqe5p0ofuonqqdso9tofgd72', '::1', 1513582081, 0x5f5f63695f6c6173745f726567656e65726174657c693a313531333538323038313b766370747c643a313531333537393734353b6c6f67696e7c623a313b757365726e616d657c733a3137323a2235313632333533616631343761646133333333666261623335643632343463383463643531326562313463363863653863396665633735346435656461666632613266656563366632353132666439303134393637613861623130363062656164333038656332333065643065353139383239626137616466333063356636356938532b552b39663274492f4c63444a36743277646173694c41725a5149697839334b545a6e627039686f3d223b70617373776f72647c733a3231363a2262313832633937353734353935363064633765636137613932626535653165623339346662663438616566396565316333356465633861633561323731636564623335356433393232336266316332663838323835663162313639356162333333303932313933323733353164623130393035386530613261393934646564344c557157734936746433696f68313138575774495830537064736a775033665a2f395559336a31773853556b6172736d4336663655454c6d6667456d2f2b5a363166646b48746f51564d555330514b5047444b7663513d3d223b6c6576656c757365727c733a3137323a2261346638666138386531366335383734616466613338393338363232633061363466623964303661646465623837633838643064643664643930383032383439653262303837303663666365663666303562636165656634336535383533666661653864306163646131343336353337623436623665313661643139346366324c5645746d663756665073613658626679446750517874466d6249493557306449754132645443524754413d223b),
('c45bb8d6e51c7acdee25ebf3c44bb2040a698e3e', '::1', 1526975460, 0x5f5f63695f6c6173745f726567656e65726174657c693a313532363937353435383b766370747c643a313532363937353436313b),
('d3491a728703f7d73b55d86e00569bdb29b28cc3', '::1', 1527063053, 0x5f5f63695f6c6173745f726567656e65726174657c693a313532373036323830393b766370747c643a313532373036323831343b6c6f67696e7c623a313b757365726e616d657c733a3137323a2262636165376332633661356639663334303832626562393064343664623566663937666537633536373166303638346537616362376666303763376266303434613838353861663338663634333836306434343062323332346334366231616431623933363435336135356530373739326162633864623639633731366234312f64455764446156536c5846674b2f30454246786c62507058634755536236644267666d62393255446b6b3d223b70617373776f72647c733a3231363a223666613233666664666139633063356635616337306234636635316334316562386531386236353332653935393363353163343439653966653130333538326666333130303133636630626239626330663436343731623131303866653830306262633432383731626566326131396137323931613137633730386631636666625941636565735a456a2b647872586c503059675675526a6151346d6e4a784e366175436b4a3142633858773555644842354b6c5068326b6f4335796554664b4851524376385856415644696e692b6461674b3665513d3d223b6c6576656c757365727c733a3137323a223833633430626461613961393039306338313164366665663036353832366365623436326435666666656461623134626361613666663431353766386265313334626336373138353630396234356336303638323264616165326438616431303633373261653736386362393235626262383434323764323231623931353336796f4462546e4733634c6d665a6b504f6f76416b62725879534b533978627872526d356e454e7263596a303d223b),
('d8a04vpk5a8unsq4b8vs1134iu4jiabb', '::1', 1510641781, 0x5f5f63695f6c6173745f726567656e65726174657c693a313531303634313738313b766370747c643a313531303633393433313b6c6f67696e7c623a313b757365726e616d657c733a3137323a2234373737646232636535303265343763303531383137383035353434396631626564396139613061646535383431346537376466616432353463633133353231316532343433343163646261636336363035656331653631336333616266316331666134336438316633623339323833653561656139383431316239386339664f724c6b4c30757150654f6e562b495a4234456f646c636868694a2f5778396549694d464368776d506d633d223b70617373776f72647c733a3231363a22313835323735353865303164383664633136353865643439303531666566393965373939333462613861653466303732343338383265393061366433666561663433393862333464376435343832313966613432633963373166343165323334313565653863303165353734373239616563356235393662303933663534626138517646545a58346361556e6253626570736b6a566e724757334346376e4e4e72702b4b68696558464e366f317944696b4335632f6566626d593455533867414834794f35794c6861424651796d6f31362f563763513d3d223b6c6576656c757365727c733a3137323a2264613833643332653639653731373630376364613036366265316138366161343865643864656436323630653462613837653062666562346331643334356537663561666363666664343962643534306238656236343963353738616338346236373030666164626139333263646435643131393535393961643263616633323055336c5a625a304c4b3335647153366352613837736d766b366b73796555764d6a764d356d2f385534303d223b),
('d9t68aa0l22bim6frmg8q4ebl1g0ikel', '::1', 1510642261, 0x5f5f63695f6c6173745f726567656e65726174657c693a313531303634323235393b766370747c643a313531303634323236313b),
('dn9holrmn1hc3o784d5rrr3oohuv03dr', '::1', 1513585945, 0x5f5f63695f6c6173745f726567656e65726174657c693a313531333538353934353b766370747c643a313531333537393734353b6c6f67696e7c623a313b757365726e616d657c733a3137323a2235313632333533616631343761646133333333666261623335643632343463383463643531326562313463363863653863396665633735346435656461666632613266656563366632353132666439303134393637613861623130363062656164333038656332333065643065353139383239626137616466333063356636356938532b552b39663274492f4c63444a36743277646173694c41725a5149697839334b545a6e627039686f3d223b70617373776f72647c733a3231363a2262313832633937353734353935363064633765636137613932626535653165623339346662663438616566396565316333356465633861633561323731636564623335356433393232336266316332663838323835663162313639356162333333303932313933323733353164623130393035386530613261393934646564344c557157734936746433696f68313138575774495830537064736a775033665a2f395559336a31773853556b6172736d4336663655454c6d6667456d2f2b5a363166646b48746f51564d555330514b5047444b7663513d3d223b6c6576656c757365727c733a3137323a2261346638666138386531366335383734616466613338393338363232633061363466623964303661646465623837633838643064643664643930383032383439653262303837303663666365663666303562636165656634336535383533666661653864306163646131343336353337623436623665313661643139346366324c5645746d663756665073613658626679446750517874466d6249493557306449754132645443524754413d223b),
('f2c5294003fae335d211541421b8f58a4b9cdcb2', '192.168.3.106', 1523421347, 0x5f5f63695f6c6173745f726567656e65726174657c693a313532333432313334363b766370747c643a313532333432313334383b),
('ig0bi605hlap2q8ipdrp3g2cbv07df31', '::1', 1510639927, 0x5f5f63695f6c6173745f726567656e65726174657c693a313531303633393932373b766370747c643a313531303633393433313b6c6f67696e7c623a313b757365726e616d657c733a3137323a2234373737646232636535303265343763303531383137383035353434396631626564396139613061646535383431346537376466616432353463633133353231316532343433343163646261636336363035656331653631336333616266316331666134336438316633623339323833653561656139383431316239386339664f724c6b4c30757150654f6e562b495a4234456f646c636868694a2f5778396549694d464368776d506d633d223b70617373776f72647c733a3231363a22313835323735353865303164383664633136353865643439303531666566393965373939333462613861653466303732343338383265393061366433666561663433393862333464376435343832313966613432633963373166343165323334313565653863303165353734373239616563356235393662303933663534626138517646545a58346361556e6253626570736b6a566e724757334346376e4e4e72702b4b68696558464e366f317944696b4335632f6566626d593455533867414834794f35794c6861424651796d6f31362f563763513d3d223b6c6576656c757365727c733a3137323a2264613833643332653639653731373630376364613036366265316138366161343865643864656436323630653462613837653062666562346331643334356537663561666363666664343962643534306238656236343963353738616338346236373030666164626139333263646435643131393535393961643263616633323055336c5a625a304c4b3335647153366352613837736d766b366b73796555764d6a764d356d2f385534303d223b),
('j1vkgs31ihqi95l76eg8ppkrksr77km5', '::1', 1513585222, 0x5f5f63695f6c6173745f726567656e65726174657c693a313531333538353232323b766370747c643a313531333537393734353b6c6f67696e7c623a313b757365726e616d657c733a3137323a2235313632333533616631343761646133333333666261623335643632343463383463643531326562313463363863653863396665633735346435656461666632613266656563366632353132666439303134393637613861623130363062656164333038656332333065643065353139383239626137616466333063356636356938532b552b39663274492f4c63444a36743277646173694c41725a5149697839334b545a6e627039686f3d223b70617373776f72647c733a3231363a2262313832633937353734353935363064633765636137613932626535653165623339346662663438616566396565316333356465633861633561323731636564623335356433393232336266316332663838323835663162313639356162333333303932313933323733353164623130393035386530613261393934646564344c557157734936746433696f68313138575774495830537064736a775033665a2f395559336a31773853556b6172736d4336663655454c6d6667456d2f2b5a363166646b48746f51564d555330514b5047444b7663513d3d223b6c6576656c757365727c733a3137323a2261346638666138386531366335383734616466613338393338363232633061363466623964303661646465623837633838643064643664643930383032383439653262303837303663666365663666303562636165656634336535383533666661653864306163646131343336353337623436623665313661643139346366324c5645746d663756665073613658626679446750517874466d6249493557306449754132645443524754413d223b),
('j5sfq02sjuk80c47qqahn8bokcv1cr15', '127.0.0.1', 1510805070, 0x5f5f63695f6c6173745f726567656e65726174657c693a313531303830353036363b766370747c643a313531303830353037313b),
('k72ber8ugevho6pg23um63l2jg8utjs2', '::1', 1513584794, 0x5f5f63695f6c6173745f726567656e65726174657c693a313531333538343739343b766370747c643a313531333537393734353b6c6f67696e7c623a313b757365726e616d657c733a3137323a2235313632333533616631343761646133333333666261623335643632343463383463643531326562313463363863653863396665633735346435656461666632613266656563366632353132666439303134393637613861623130363062656164333038656332333065643065353139383239626137616466333063356636356938532b552b39663274492f4c63444a36743277646173694c41725a5149697839334b545a6e627039686f3d223b70617373776f72647c733a3231363a2262313832633937353734353935363064633765636137613932626535653165623339346662663438616566396565316333356465633861633561323731636564623335356433393232336266316332663838323835663162313639356162333333303932313933323733353164623130393035386530613261393934646564344c557157734936746433696f68313138575774495830537064736a775033665a2f395559336a31773853556b6172736d4336663655454c6d6667456d2f2b5a363166646b48746f51564d555330514b5047444b7663513d3d223b6c6576656c757365727c733a3137323a2261346638666138386531366335383734616466613338393338363232633061363466623964303661646465623837633838643064643664643930383032383439653262303837303663666365663666303562636165656634336535383533666661653864306163646131343336353337623436623665313661643139346366324c5645746d663756665073613658626679446750517874466d6249493557306449754132645443524754413d223b),
('macbbtvju656mjt4dm4j4g09t219l3t0', '::1', 1513595739, 0x5f5f63695f6c6173745f726567656e65726174657c693a313531333539353537333b766370747c643a313531333539353537363b6c6f67696e7c623a313b757365726e616d657c733a3137323a22316632333966346339636136346433363561646262623265363937303265373632663765636334346332356538613566613230613166303231646532643730613761313466393332396436373237373064323961346439626331616534363137663433343135303763616362353230343239656261303333633362316366313358722b3131646a57554e56684746764b526a2b4f77436f6d4f53504f4c6f784b3157307368676f743474773d223b70617373776f72647c733a3231363a223830356662316437353165626631336661663833646664366638623933356161326264353033303635623233663939353730386236366132636332306361353437613064373563613737353430643437663865613066326364643031323238313265343661366639326638396532613634656164313663373130393566666164555745564a7865304c54332b645743315573596c74772b6b7074544f2f63584b6c713079795a48596b356e3744417551694741536270794c3063756f506242514a3555434a78713137595552676e524f472b537942673d3d223b6c6576656c757365727c733a3137323a223432646432383931313262623736633662386166393039343866373132663464623736626564323438363161366362626431306465336335376163643661323233356563643534313831623132333934393031363733383130326462643039326136613832366566333061336334366439646262303064383138316239393435357a754c41436479642f313268454b6d6f4871533371517937506566655a4146315459505a304b566f30343d223b),
('nqtmuckm1kmnmrq3ob67rl9av6r89bo0', '::1', 1513585545, 0x5f5f63695f6c6173745f726567656e65726174657c693a313531333538353534353b766370747c643a313531333537393734353b6c6f67696e7c623a313b757365726e616d657c733a3137323a2235313632333533616631343761646133333333666261623335643632343463383463643531326562313463363863653863396665633735346435656461666632613266656563366632353132666439303134393637613861623130363062656164333038656332333065643065353139383239626137616466333063356636356938532b552b39663274492f4c63444a36743277646173694c41725a5149697839334b545a6e627039686f3d223b70617373776f72647c733a3231363a2262313832633937353734353935363064633765636137613932626535653165623339346662663438616566396565316333356465633861633561323731636564623335356433393232336266316332663838323835663162313639356162333333303932313933323733353164623130393035386530613261393934646564344c557157734936746433696f68313138575774495830537064736a775033665a2f395559336a31773853556b6172736d4336663655454c6d6667456d2f2b5a363166646b48746f51564d555330514b5047444b7663513d3d223b6c6576656c757365727c733a3137323a2261346638666138386531366335383734616466613338393338363232633061363466623964303661646465623837633838643064643664643930383032383439653262303837303663666365663666303562636165656634336535383533666661653864306163646131343336353337623436623665313661643139346366324c5645746d663756665073613658626679446750517874466d6249493557306449754132645443524754413d223b),
('or07dv8s6ijuqiih10ptobjs2hqm3r9c', '::1', 1513156317, 0x5f5f63695f6c6173745f726567656e65726174657c693a313531333135363331343b766370747c643a313531333135363331373b),
('osaqf0d7nnnnb95qg3ahmh6qrv1ue595', '::1', 1513586249, 0x5f5f63695f6c6173745f726567656e65726174657c693a313531333538363234393b766370747c643a313531333537393734353b6c6f67696e7c623a313b757365726e616d657c733a3137323a2235313632333533616631343761646133333333666261623335643632343463383463643531326562313463363863653863396665633735346435656461666632613266656563366632353132666439303134393637613861623130363062656164333038656332333065643065353139383239626137616466333063356636356938532b552b39663274492f4c63444a36743277646173694c41725a5149697839334b545a6e627039686f3d223b70617373776f72647c733a3231363a2262313832633937353734353935363064633765636137613932626535653165623339346662663438616566396565316333356465633861633561323731636564623335356433393232336266316332663838323835663162313639356162333333303932313933323733353164623130393035386530613261393934646564344c557157734936746433696f68313138575774495830537064736a775033665a2f395559336a31773853556b6172736d4336663655454c6d6667456d2f2b5a363166646b48746f51564d555330514b5047444b7663513d3d223b6c6576656c757365727c733a3137323a2261346638666138386531366335383734616466613338393338363232633061363466623964303661646465623837633838643064643664643930383032383439653262303837303663666365663666303562636165656634336535383533666661653864306163646131343336353337623436623665313661643139346366324c5645746d663756665073613658626679446750517874466d6249493557306449754132645443524754413d223b),
('p6d4ol0sjsea21eltgu22q89b351vb8l', '::1', 1513582526, 0x5f5f63695f6c6173745f726567656e65726174657c693a313531333538323532363b766370747c643a313531333537393734353b6c6f67696e7c623a313b757365726e616d657c733a3137323a2235313632333533616631343761646133333333666261623335643632343463383463643531326562313463363863653863396665633735346435656461666632613266656563366632353132666439303134393637613861623130363062656164333038656332333065643065353139383239626137616466333063356636356938532b552b39663274492f4c63444a36743277646173694c41725a5149697839334b545a6e627039686f3d223b70617373776f72647c733a3231363a2262313832633937353734353935363064633765636137613932626535653165623339346662663438616566396565316333356465633861633561323731636564623335356433393232336266316332663838323835663162313639356162333333303932313933323733353164623130393035386530613261393934646564344c557157734936746433696f68313138575774495830537064736a775033665a2f395559336a31773853556b6172736d4336663655454c6d6667456d2f2b5a363166646b48746f51564d555330514b5047444b7663513d3d223b6c6576656c757365727c733a3137323a2261346638666138386531366335383734616466613338393338363232633061363466623964303661646465623837633838643064643664643930383032383439653262303837303663666365663666303562636165656634336535383533666661653864306163646131343336353337623436623665313661643139346366324c5645746d663756665073613658626679446750517874466d6249493557306449754132645443524754413d223b),
('pjig334riv9a2fu1d9at5b2nk2ha4iag', '::1', 1513582933, 0x5f5f63695f6c6173745f726567656e65726174657c693a313531333538323933333b766370747c643a313531333537393734353b6c6f67696e7c623a313b757365726e616d657c733a3137323a2235313632333533616631343761646133333333666261623335643632343463383463643531326562313463363863653863396665633735346435656461666632613266656563366632353132666439303134393637613861623130363062656164333038656332333065643065353139383239626137616466333063356636356938532b552b39663274492f4c63444a36743277646173694c41725a5149697839334b545a6e627039686f3d223b70617373776f72647c733a3231363a2262313832633937353734353935363064633765636137613932626535653165623339346662663438616566396565316333356465633861633561323731636564623335356433393232336266316332663838323835663162313639356162333333303932313933323733353164623130393035386530613261393934646564344c557157734936746433696f68313138575774495830537064736a775033665a2f395559336a31773853556b6172736d4336663655454c6d6667456d2f2b5a363166646b48746f51564d555330514b5047444b7663513d3d223b6c6576656c757365727c733a3137323a2261346638666138386531366335383734616466613338393338363232633061363466623964303661646465623837633838643064643664643930383032383439653262303837303663666365663666303562636165656634336535383533666661653864306163646131343336353337623436623665313661643139346366324c5645746d663756665073613658626679446750517874466d6249493557306449754132645443524754413d223b),
('qoe1g41l652d5flnphbqnn7504pdm23m', '::1', 1510641456, 0x5f5f63695f6c6173745f726567656e65726174657c693a313531303634313435363b766370747c643a313531303633393433313b6c6f67696e7c623a313b757365726e616d657c733a3137323a2234373737646232636535303265343763303531383137383035353434396631626564396139613061646535383431346537376466616432353463633133353231316532343433343163646261636336363035656331653631336333616266316331666134336438316633623339323833653561656139383431316239386339664f724c6b4c30757150654f6e562b495a4234456f646c636868694a2f5778396549694d464368776d506d633d223b70617373776f72647c733a3231363a22313835323735353865303164383664633136353865643439303531666566393965373939333462613861653466303732343338383265393061366433666561663433393862333464376435343832313966613432633963373166343165323334313565653863303165353734373239616563356235393662303933663534626138517646545a58346361556e6253626570736b6a566e724757334346376e4e4e72702b4b68696558464e366f317944696b4335632f6566626d593455533867414834794f35794c6861424651796d6f31362f563763513d3d223b6c6576656c757365727c733a3137323a2264613833643332653639653731373630376364613036366265316138366161343865643864656436323630653462613837653062666562346331643334356537663561666363666664343962643534306238656236343963353738616338346236373030666164626139333263646435643131393535393961643263616633323055336c5a625a304c4b3335647153366352613837736d766b366b73796555764d6a764d356d2f385534303d223b),
('v9dtgmmcahtnmdh24fuvolddc4j96p46', '::1', 1513583790, 0x5f5f63695f6c6173745f726567656e65726174657c693a313531333538333739303b766370747c643a313531333537393734353b6c6f67696e7c623a313b757365726e616d657c733a3137323a2235313632333533616631343761646133333333666261623335643632343463383463643531326562313463363863653863396665633735346435656461666632613266656563366632353132666439303134393637613861623130363062656164333038656332333065643065353139383239626137616466333063356636356938532b552b39663274492f4c63444a36743277646173694c41725a5149697839334b545a6e627039686f3d223b70617373776f72647c733a3231363a2262313832633937353734353935363064633765636137613932626535653165623339346662663438616566396565316333356465633861633561323731636564623335356433393232336266316332663838323835663162313639356162333333303932313933323733353164623130393035386530613261393934646564344c557157734936746433696f68313138575774495830537064736a775033665a2f395559336a31773853556b6172736d4336663655454c6d6667456d2f2b5a363166646b48746f51564d555330514b5047444b7663513d3d223b6c6576656c757365727c733a3137323a2261346638666138386531366335383734616466613338393338363232633061363466623964303661646465623837633838643064643664643930383032383439653262303837303663666365663666303562636165656634336535383533666661653864306163646131343336353337623436623665313661643139346366324c5645746d663756665073613658626679446750517874466d6249493557306449754132645443524754413d223b);

-- --------------------------------------------------------

--
-- Table structure for table `config_email`
--

CREATE TABLE `config_email` (
  `email_id` int(1) NOT NULL,
  `category` varchar(1) NOT NULL,
  `smtp_user` varchar(50) NOT NULL,
  `smtp_pass` varchar(30) NOT NULL,
  `smtp_host` varchar(50) NOT NULL,
  `smtp_crypto` varchar(10) NOT NULL,
  `smtp_port` varchar(5) NOT NULL,
  `smtp_timeout` varchar(1) NOT NULL,
  `protocol` varchar(4) NOT NULL,
  `mailtype` varchar(8) DEFAULT NULL,
  `charset` varchar(8) NOT NULL,
  `status` set('1','0') NOT NULL DEFAULT '0'
) ENGINE=InnoDB DEFAULT CHARSET=utf8;

-- --------------------------------------------------------

--
-- Table structure for table `tb_log`
--

CREATE TABLE `tb_log` (
  `log_time` timestamp NOT NULL DEFAULT '0000-00-00 00:00:00',
  `log_name` varchar(45) NOT NULL,
  `log_user` varchar(15) NOT NULL,
  `log_message` varchar(220) NOT NULL,
  `ip_address` varchar(15) NOT NULL
) ENGINE=InnoDB DEFAULT CHARSET=utf8;

--
-- Dumping data for table `tb_log`
--

INSERT INTO `tb_log` (`log_time`, `log_name`, `log_user`, `log_message`, `ip_address`) VALUES
('2017-11-05 08:58:29', 'LOGIN', 'INDRA', 'MASUK KE SISTEM RESTO', '::1'),
('2017-11-05 09:07:15', 'LOGOUT', 'INDRA', 'KELUAR DARI SISTEM RESTO', '::1'),
('2017-11-05 09:52:24', 'LOGIN', 'INDRA', 'MASUK KE SISTEM RESTO', '::1'),
('2017-11-05 09:53:06', 'LOGOUT', 'INDRA', 'KELUAR DARI SISTEM RESTO', '::1'),
('2017-11-06 02:53:16', 'LOGIN', 'INDRA', 'MASUK KE SISTEM RESTO', '::1'),
('2017-11-06 03:18:52', 'LOGIN', 'ANDREW', 'MASUK KE SISTEM RESTO', '192.168.3.28'),
('2017-11-06 03:20:16', 'LOGIN', 'ANDREW', 'MASUK KE SISTEM RESTO', '192.168.3.127'),
('2017-11-06 03:56:53', 'LOGOUT', 'ANDREW', 'KELUAR DARI SISTEM RESTO', '192.168.3.28'),
('2017-11-06 03:57:07', 'LOGIN', 'INDRA', 'MASUK KE SISTEM RESTO', '192.168.3.28'),
('2017-11-06 05:58:54', 'MASTER MENU', 'INDRA', 'DATA MENU SOUP PATIN BENING SUDAH DIEDIT', '192.168.3.28'),
('2017-11-06 08:47:59', 'MASTER REFERENSI', '', 'DATA REFERENSI D14 SUDAH DIBUAT', '192.168.3.28'),
('2017-11-06 08:50:43', 'MASTER REFERENSI', '', 'DATA REFERENSI 5.5 PERSEN SUDAH DIBUAT', '192.168.3.28'),
('2017-11-06 09:06:16', 'MASTER REFERENSI', 'INDRA', 'DATA REFERENSI 10 PERSEN SUDAH DIBUAT', '192.168.3.28'),
('2017-11-07 03:36:11', 'LOGIN', 'INDRA', 'MASUK KE SISTEM RESTO', '::1'),
('2017-11-07 03:55:52', 'LOGIN', 'INDRA', 'MASUK KE SISTEM RESTO', '::1'),
('2017-11-07 04:41:43', 'LOGOUT', 'INDRA', 'KELUAR DARI SISTEM RESTO', '::1'),
('2017-11-07 04:48:21', 'LOGIN', 'INDRA', 'MASUK KE SISTEM RESTO', '::1'),
('2017-11-07 07:21:48', 'LOGIN', 'INDRA', 'MASUK KE SISTEM RESTO', '127.0.0.1'),
('2017-11-07 08:15:33', 'LOGIN', 'INDRA', 'MASUK KE SISTEM RESTO', '::1'),
('2017-11-08 02:38:50', 'LOGIN', 'INDRA', 'MASUK KE SISTEM RESTO', '::1'),
('2017-11-08 04:06:27', 'MASTER PEMBAYARAN', 'INDRA', 'DATA PEMBAYARAN VISA CARD SUDAH DIBUAT', '::1'),
('2017-11-08 06:31:16', 'ORDER', '', 'DATA ORDER 1700000 SUDAH DIBUAT', '::1'),
('2017-11-08 07:11:32', 'MASTER PEMBAYARAN', 'INDRA', 'DATA PEMBAYARAN MASTER CARD SUDAH DIBUAT', '::1'),
('2017-11-08 07:11:44', 'MASTER PEMBAYARAN', 'INDRA', 'DATA PEMBAYARAN CASH SUDAH DIBUAT', '::1'),
('2017-11-08 07:20:27', 'ORDER', '', 'DATA ORDER 1700000 SUDAH DIBUAT', '::1'),
('2017-11-08 08:02:42', 'ORDER', 'INDRA', 'DATA ORDER 1700000 SUDAH DIBUAT', '::1'),
('2017-11-08 08:14:00', 'ORDER', 'INDRA', 'DATA ORDER 1700001 SUDAH DIBUAT', '::1'),
('2017-11-08 09:02:36', 'ORDER', 'INDRA', 'DATA ORDER 1700003 SUDAH DIBUAT', '::1'),
('2017-11-08 09:07:15', 'ORDER', 'INDRA', 'DATA ORDER 1700004 SUDAH DIBUAT', '::1'),
('2017-11-09 02:27:38', 'LOGIN', 'INDRA', 'MASUK KE SISTEM RESTO', '::1'),
('2017-11-09 03:24:57', 'ORDER', 'INDRA', 'DATA ORDER 1700006 SUDAH DIBUAT', '::1'),
('2017-11-09 04:41:20', 'ORDER', 'INDRA', 'DATA ORDER 1700007 SUDAH DIBUAT', '::1'),
('2017-11-09 04:48:13', 'BUAT USER', 'INDRA', 'USER BARU CHRISTINE SUDAH DIBUAT', '::1'),
('2017-11-09 04:48:16', 'LOGOUT', 'INDRA', 'KELUAR DARI SISTEM RESTO', '::1'),
('2017-11-09 04:48:27', 'LOGIN', 'CHRISTINE', 'MASUK KE SISTEM RESTO', '::1'),
('2017-11-09 04:55:25', 'LOGOUT', 'CHRISTINE', 'KELUAR DARI SISTEM RESTO', '::1'),
('2017-11-09 04:55:36', 'LOGIN', 'INDRA', 'MASUK KE SISTEM RESTO', '::1'),
('2017-11-09 04:57:19', 'MASTER REFERENSI', 'INDRA', 'DATA REFERENSI SMALL PLATES SUDAH DIBUAT', '::1'),
('2017-11-09 04:57:35', 'MASTER REFERENSI', 'INDRA', 'DATA REFERENSI RICE & NOODLE SUDAH DIBUAT', '::1'),
('2017-11-09 04:57:50', 'MASTER REFERENSI', 'INDRA', 'DATA REFERENSI OXTAIL & RIBS SUDAH DIBUAT', '::1'),
('2017-11-09 04:58:04', 'MASTER REFERENSI', 'INDRA', 'DATA REFERENSI BEEF & POULTRY SUDAH DIBUAT', '::1'),
('2017-11-09 04:58:22', 'MASTER REFERENSI', 'INDRA', 'DATA REFERENSI VEGETABLES SUDAH DIBUAT', '::1'),
('2017-11-09 04:58:38', 'MASTER REFERENSI', 'INDRA', 'DATA REFERENSI SEAFOOD SUDAH DIBUAT', '::1'),
('2017-11-09 04:59:12', 'MASTER REFERENSI', 'INDRA', 'DATA REFERENSI FISH SUDAH DIBUAT', '::1'),
('2017-11-09 04:59:30', 'MASTER REFERENSI', 'INDRA', 'DATA REFERENSI DESSERT SUDAH DIBUAT', '::1'),
('2017-11-09 04:59:43', 'MASTER REFERENSI', 'INDRA', 'DATA REFERENSI BEVERAGE SUDAH DIBUAT', '::1'),
('2017-11-09 06:43:55', 'ORDER', 'INDRA', 'DATA ORDER 1700008 SUDAH DIBUAT', '::1'),
('2017-11-09 06:48:40', 'ORDER', 'INDRA', 'DATA ORDER 1700009 SUDAH DIBUAT', '::1'),
('2017-11-09 06:51:52', 'ORDER', 'INDRA', 'DATA ORDER 1700010 SUDAH DIBUAT', '::1'),
('2017-11-09 06:54:17', 'ORDER', 'INDRA', 'DATA ORDER 1700011 SUDAH DIBUAT', '::1'),
('2017-11-09 07:00:52', 'ORDER', 'INDRA', 'DATA ORDER 1700012 SUDAH DIBUAT', '::1'),
('2017-11-09 07:17:29', 'LOGIN', 'INDRA', 'MASUK KE SISTEM RESTO', '::1'),
('2017-11-09 07:18:23', 'ORDER', 'INDRA', 'DATA ORDER 1700013 SUDAH DIBUAT', '::1'),
('2017-11-09 07:31:21', 'ORDER', 'INDRA', 'DATA ORDER 1700014 SUDAH DIBUAT', '::1'),
('2017-11-09 08:16:50', 'LOGOUT', 'INDRA', 'KELUAR DARI SISTEM RESTO', '::1'),
('2017-11-09 08:46:36', 'LOGIN', 'INDRA', 'MASUK KE SISTEM RESTO', '::1'),
('2017-11-09 08:47:41', 'ORDER', 'INDRA', 'DATA ORDER 1700015 SUDAH DIBUAT', '::1'),
('2017-11-10 10:02:04', 'LOGIN', 'INDRA', 'MASUK KE SISTEM RESTO', '::1'),
('2017-11-10 11:27:38', 'LOGOUT', '', 'KELUAR DARI SISTEM RESTO', '::1'),
('2017-11-13 11:52:25', 'LOGIN', 'INDRA', 'MASUK KE SISTEM RESTO', '192.168.3.98'),
('2017-11-14 06:03:58', 'LOGIN', 'INDRA', 'MASUK KE SISTEM RESTO', '::1'),
('2017-11-14 06:50:59', 'LOGOUT', 'INDRA', 'KELUAR DARI SISTEM RESTO', '::1'),
('2017-11-16 03:37:20', 'LOGIN', 'INDRA', 'MASUK KE SISTEM RESTO', '127.0.0.1'),
('2017-11-16 04:04:26', 'LOGOUT', 'INDRA', 'KELUAR DARI SISTEM RESTO', '127.0.0.1'),
('2017-12-18 06:49:15', 'LOGIN', 'INDRA', 'MASUK KE SISTEM RESTO', '::1'),
('2017-12-18 07:42:41', 'ORDER', 'INDRA', 'DATA ORDER 1700016 SUDAH DIBUAT', '::1'),
('2017-12-18 08:37:40', 'LOGIN', 'INDRA', 'MASUK KE SISTEM RESTO', '::1'),
('2017-12-18 11:00:39', 'LOGOUT', 'INDRA', 'KELUAR DARI SISTEM RESTO', '::1'),
('2017-12-18 11:13:05', 'LOGIN', 'INDRA', 'MASUK KE SISTEM RESTO', '::1'),
('2017-12-18 11:26:54', 'LOGIN', 'INDRA', 'MASUK KE SISTEM RESTO', '::1'),
('2018-03-22 10:29:13', 'LOGIN', 'INDRA', 'MASUK KE SISTEM RESTO', '::1'),
('2018-03-22 10:33:46', 'LOGOUT', 'INDRA', 'KELUAR DARI SISTEM RESTO', '::1'),
('2018-04-11 04:23:07', 'LOGIN', 'INDRA', 'MASUK KE SISTEM RESTO', '192.168.3.106'),
('2018-04-11 04:35:46', 'LOGOUT', 'INDRA', 'KELUAR DARI SISTEM RESTO', '192.168.3.106'),
('2018-05-22 07:49:31', 'LOGIN', 'INDRA', 'MASUK KE SISTEM RESTO', '::1'),
('2018-05-22 07:50:58', 'LOGOUT', 'INDRA', 'KELUAR DARI SISTEM RESTO', '::1'),
('2018-05-23 08:07:01', 'LOGIN', 'INDRA', 'MASUK KE SISTEM RESTO', '::1');

-- --------------------------------------------------------

--
-- Table structure for table `tg_menu`
--

CREATE TABLE `tg_menu` (
  `id_menu` int(6) NOT NULL,
  `fs_group` int(6) NOT NULL DEFAULT '0',
  `fs_kd_comp` varchar(10) NOT NULL,
  `fs_kd_parent` varchar(10) NOT NULL,
  `fs_kd_child` varchar(10) NOT NULL,
  `fs_nm_menu` varchar(50) NOT NULL,
  `fs_nm_form` varchar(50) NOT NULL,
  `fb_root` int(1) NOT NULL,
  `fs_nm_formweb` varchar(50) NOT NULL
) ENGINE=InnoDB DEFAULT CHARSET=utf8;

--
-- Dumping data for table `tg_menu`
--

INSERT INTO `tg_menu` (`id_menu`, `fs_group`, `fs_kd_comp`, `fs_kd_parent`, `fs_kd_child`, `fs_nm_menu`, `fs_nm_form`, `fb_root`, `fs_nm_formweb`) VALUES
(1, 0, 'RESTO', '1', '', 'TRANSAKSI', '0', 1, '0'),
(2, 0, 'RESTO', '1', '200', 'Dashboard', '0', 1, 'dashboard'),
(3, 0, 'RESTO', '1', '201', 'Order', '0', 1, 'order'),
(4, 0, 'RESTO', '1', '202', 'History', '0', 1, 'history'),
(5, 0, 'RESTO', '5', '', 'MASTER', '0', 1, '0'),
(6, 0, 'RESTO', '5', '300', 'Master Menu & Harga', '0', 1, 'masterharga'),
(7, 0, 'RESTO', '5', '301', 'Master Pelayan  / User', '0', 1, 'masteruser'),
(8, 0, 'RESTO', '5', '302', 'Master Pembayaran', '0', 1, 'masterpembayaran'),
(9, 0, 'RESTO', '5', '303', 'Master Referensi', '0', 1, 'masterreferensi'),
(10, 0, 'RESTO', '10', '', 'UTILITY', '0', 1, '0'),
(11, 0, 'RESTO', '10', '400', 'Change Password', '0', 1, 'changepass');

-- --------------------------------------------------------

--
-- Table structure for table `tm_counter`
--

CREATE TABLE `tm_counter` (
  `fs_jenis_counter` varchar(15) NOT NULL,
  `fs_no_jenis_counter` int(3) NOT NULL,
  `fn_counter` decimal(7,0) DEFAULT NULL,
  `fs_user_buat` varchar(15) NOT NULL,
  `fd_tanggal_buat` datetime NOT NULL,
  `fs_user_edit` varchar(15) DEFAULT NULL,
  `fd_tanggal_edit` datetime DEFAULT NULL
) ENGINE=InnoDB DEFAULT CHARSET=utf8;

--
-- Dumping data for table `tm_counter`
--

INSERT INTO `tm_counter` (`fs_jenis_counter`, `fs_no_jenis_counter`, `fn_counter`, `fs_user_buat`, `fd_tanggal_buat`, `fs_user_edit`, `fd_tanggal_edit`) VALUES
('ORDER', 1, '1700018', 'INDRA', '2017-11-06 17:02:02', NULL, NULL);

-- --------------------------------------------------------

--
-- Table structure for table `tm_menu`
--

CREATE TABLE `tm_menu` (
  `fs_kode_menu` varchar(5) NOT NULL,
  `fs_nama_menu` varchar(80) NOT NULL,
  `fs_kategori_menu` varchar(1) DEFAULT NULL,
  `fn_harga` decimal(8,0) NOT NULL,
  `fs_user_buat` varchar(15) NOT NULL,
  `fd_tanggal_buat` datetime NOT NULL,
  `fs_user_edit` varchar(15) DEFAULT NULL,
  `fd_tanggal_edit` datetime DEFAULT NULL
) ENGINE=InnoDB DEFAULT CHARSET=utf8;

--
-- Dumping data for table `tm_menu`
--

INSERT INTO `tm_menu` (`fs_kode_menu`, `fs_nama_menu`, `fs_kategori_menu`, `fn_harga`, `fs_user_buat`, `fd_tanggal_buat`, `fs_user_edit`, `fd_tanggal_edit`) VALUES
('M001', 'Gado Gado', '', '40000', 'INDRA', '2017-11-06 12:31:32', NULL, NULL),
('M002', 'Pecel Jawa', '', '40000', 'INDRA', '2017-11-06 12:31:32', NULL, NULL),
('M003', 'Asinan Sayur', '', '42000', 'INDRA', '2017-11-06 12:31:32', NULL, NULL),
('M004', 'Urapan Ayam', '', '50000', 'INDRA', '2017-11-06 12:31:32', NULL, NULL),
('M005', 'Fruit Salad', '', '30000', 'INDRA', '2017-11-06 12:31:32', NULL, NULL),
('M006', 'Nanas Udang Salad', '', '40000', 'INDRA', '2017-11-06 12:31:32', NULL, NULL),
('M007', 'Ayam Betutu Salad', '', '35000', 'INDRA', '2017-11-06 12:31:32', NULL, NULL),
('M008', 'Lumpia Rempah Wangi', '', '40000', 'INDRA', '2017-11-06 12:31:32', NULL, NULL),
('M009', 'Tahu Isi Patin', '', '40000', 'INDRA', '2017-11-06 12:31:32', NULL, NULL),
('M010', 'Risoles', '', '45000', 'INDRA', '2017-11-06 12:31:32', NULL, NULL),
('M011', 'Cumi Bogasari', '', '45000', 'INDRA', '2017-11-06 12:31:32', NULL, NULL),
('M012', 'Mendoan ', '', '25000', 'INDRA', '2017-11-06 12:31:32', NULL, NULL),
('M013', 'Bakwan Sayur', '', '25000', 'INDRA', '2017-11-06 12:31:32', NULL, NULL),
('M014', 'Soup Iga Kadeudeuh', '', '65000', 'INDRA', '2017-11-06 12:31:32', NULL, NULL),
('M015', 'Soup Asam Iga', '', '65000', 'INDRA', '2017-11-06 12:31:32', NULL, NULL),
('M016', 'Soup Buntut Rempah Wangi', '', '70000', 'INDRA', '2017-11-06 12:31:32', NULL, NULL),
('M017', 'Soup Buntut Garang Asam', '', '70000', 'INDRA', '2017-11-06 12:31:32', NULL, NULL),
('M018', 'Soup Gurame Tanpa Tulang', '', '55000', 'INDRA', '2017-11-06 12:31:32', NULL, NULL),
('M019', 'Soup Patin Bening', '', '55000', 'INDRA', '2017-11-06 12:31:32', 'INDRA', '2017-11-06 12:58:54'),
('M020', 'Soto Kuning Tarogong + Np', '', '55000', 'INDRA', '2017-11-06 12:31:32', NULL, NULL),
('M021', 'Soto Bogor + Np', '', '55000', 'INDRA', '2017-11-06 12:31:32', NULL, NULL),
('M022', 'Soto Banjar + Np', '', '55000', 'INDRA', '2017-11-06 12:31:32', NULL, NULL),
('M023', 'Soto Patin', '', '45000', 'INDRA', '2017-11-06 12:31:32', NULL, NULL),
('M024', 'Soup Asam Iga Kedondong', '', '65000', 'INDRA', '2017-11-06 12:31:32', NULL, NULL),
('M025', 'Patin Bakar Istana', '', '75000', 'INDRA', '2017-11-06 12:31:32', NULL, NULL),
('M026', 'Patin Bakar Rempah Wangi /ons', '', '12000', 'INDRA', '2017-11-06 12:31:32', NULL, NULL),
('M027', 'Patin Bambu Bakar', '', '85000', 'INDRA', '2017-11-06 12:31:32', NULL, NULL),
('M028', 'Patin Bakar Bambu /ons', '', '12000', 'INDRA', '2017-11-06 12:31:32', NULL, NULL),
('M029', 'Pindang Patin Serani Kahayan', '', '45000', 'INDRA', '2017-11-06 12:31:32', NULL, NULL),
('M030', 'Pindang Patin /ons', '', '12000', 'INDRA', '2017-11-06 12:31:32', NULL, NULL),
('M031', 'Patin Gr Asam Manis /ons', '', '12000', 'INDRA', '2017-11-06 12:31:32', NULL, NULL),
('M032', 'Patin Bumbu Rujak', '', '70000', 'INDRA', '2017-11-06 12:31:32', NULL, NULL),
('M033', 'Patin Gr Dabu Dabu', '', '55000', 'INDRA', '2017-11-06 12:31:32', NULL, NULL),
('M034', 'Patin Katsu', '', '55000', 'INDRA', '2017-11-06 12:31:32', NULL, NULL),
('M035', 'Patin Gr Tiga Rasa /ons', '', '12000', 'INDRA', '2017-11-06 12:31:32', NULL, NULL),
('M036', 'Patin Cobek /ons', '', '12000', 'INDRA', '2017-11-06 12:31:32', NULL, NULL),
('M037', 'Patin Gr Cabe Hijau', '', '55000', 'INDRA', '2017-11-06 12:31:32', NULL, NULL),
('M038', 'Patin Gr Cabe Garam', '', '55000', 'INDRA', '2017-11-06 12:31:32', NULL, NULL),
('M039', 'Patin Gr Istana rempah', '', '75000', 'INDRA', '2017-11-06 12:31:32', NULL, NULL),
('M040', 'Patin Gr Kayangan /ons', '', '12000', 'INDRA', '2017-11-06 12:31:32', NULL, NULL),
('M041', 'Bakso & Wonton Patin rempah', '', '45000', 'INDRA', '2017-11-06 12:31:32', NULL, NULL),
('M042', 'Tim Patin Istimewa', '', '12000', 'INDRA', '2017-11-06 12:31:32', NULL, NULL),
('M043', 'Patin Kuning Batang Sereh', '', '12000', 'INDRA', '2017-11-06 12:31:32', NULL, NULL),
('M044', 'Patin Asap', '', '12000', 'INDRA', '2017-11-06 12:31:32', NULL, NULL),
('M045', 'Gurame Gr Rempah Wangi /ons', '', '15000', 'INDRA', '2017-11-06 12:31:32', NULL, NULL),
('M046', 'Gurame Kayangan /ons', '', '15000', 'INDRA', '2017-11-06 12:31:32', NULL, NULL),
('M047', 'Gurame Asam Manis /ons', '', '15000', 'INDRA', '2017-11-06 12:31:32', NULL, NULL),
('M048', 'Gurame Bakar /ons', '', '15000', 'INDRA', '2017-11-06 12:31:32', NULL, NULL),
('M049', 'Gurame Tiga Rasa /ons', '', '15000', 'INDRA', '2017-11-06 12:31:32', NULL, NULL),
('M050', 'Pindang Gurame /ons', '', '15000', 'INDRA', '2017-11-06 12:31:32', NULL, NULL),
('M051', 'Gurame Pampra /ons', '', '15000', 'INDRA', '2017-11-06 12:31:32', NULL, NULL),
('M052', 'Gulai Kepala Kakap', '', '75000', 'INDRA', '2017-11-06 12:31:32', NULL, NULL),
('M053', 'Ayam Taliwang 1/2 ekor', '', '60000', 'INDRA', '2017-11-06 12:31:32', NULL, NULL),
('M054', 'Ayam Taliwang 1 ekor', '', '120000', 'INDRA', '2017-11-06 12:31:32', NULL, NULL),
('M055', 'Ayam Bakakak', '', '60000', 'INDRA', '2017-11-06 12:31:32', NULL, NULL),
('M056', 'Ayam Gr Percik', '', '60000', 'INDRA', '2017-11-06 12:31:32', NULL, NULL),
('M057', 'Ayam Curry', '', '50000', 'INDRA', '2017-11-06 12:31:32', NULL, NULL),
('M058', 'Ayam Geger ', '', '65000', 'INDRA', '2017-11-06 12:31:32', NULL, NULL),
('M059', 'Ayam Klaten Mbah Semar', '', '65000', 'INDRA', '2017-11-06 12:31:32', NULL, NULL),
('M060', 'Chicken Satay Banyumas', '', '60000', 'INDRA', '2017-11-06 12:31:32', NULL, NULL),
('M061', 'Bebek Bengil', '', '75000', 'INDRA', '2017-11-06 12:31:32', NULL, NULL),
('M062', 'Bebek Jimbaran', '', '75000', 'INDRA', '2017-11-06 12:31:32', NULL, NULL),
('M063', 'Bebek Tumis Cabe Hijau', '', '70000', 'INDRA', '2017-11-06 12:31:32', NULL, NULL),
('M064', 'Bebek Tik Tok Jeruk Purut', '', '70000', 'INDRA', '2017-11-06 12:31:32', NULL, NULL),
('M065', 'Tumis Brokoli Cah Sapi', '', '45000', 'INDRA', '2017-11-06 12:31:32', NULL, NULL),
('M066', 'Tauge Ikan Asin', '', '40000', 'INDRA', '2017-11-06 12:31:32', NULL, NULL),
('M067', 'Tumis Buncis Ayam Jamur', '', '40000', 'INDRA', '2017-11-06 12:31:32', NULL, NULL),
('M068', 'Tumis Kangkung Terasi', '', '40000', 'INDRA', '2017-11-06 12:31:32', NULL, NULL),
('M069', 'Pare Cah Telur', '', '40000', 'INDRA', '2017-11-06 12:31:32', NULL, NULL),
('M070', 'Nasi Putih/Nasi Merah', '', '8000', 'INDRA', '2017-11-06 12:31:32', NULL, NULL),
('M071', 'Nasi Goreng Rempah Wangi', '', '47000', 'INDRA', '2017-11-06 12:31:32', NULL, NULL),
('M072', 'Nasi Goreng Komplit', '', '45000', 'INDRA', '2017-11-06 12:31:32', NULL, NULL),
('M073', 'Nasi Goreng Petroek', '', '55000', 'INDRA', '2017-11-06 12:31:32', NULL, NULL),
('M074', 'Nasi Bakar Sancang', '', '50000', 'INDRA', '2017-11-06 12:31:32', NULL, NULL),
('M075', 'Nasi Goreng Ekor Sapi', '', '60000', 'INDRA', '2017-11-06 12:31:32', NULL, NULL),
('M076', 'Mie Goreng Jawa', '', '45000', 'INDRA', '2017-11-06 12:31:32', NULL, NULL),
('M077', 'Kwetiaw Goreng ', '', '45000', 'INDRA', '2017-11-06 12:31:32', NULL, NULL),
('M078', 'Bihun Goreng Bantul', '', '45000', 'INDRA', '2017-11-06 12:31:32', NULL, NULL),
('M079', 'Sop Bakmi', '', '45000', 'INDRA', '2017-11-06 12:31:32', NULL, NULL),
('M080', ' tape bakar', '', '30000', 'INDRA', '2017-11-06 12:31:32', NULL, NULL),
('M081', 'pisang bakar', '', '30000', 'INDRA', '2017-11-06 12:31:32', NULL, NULL),
('M082', 'tape goreng', '', '30000', 'INDRA', '2017-11-06 12:31:32', NULL, NULL),
('M083', 'singkong wijen', '', '52000', 'INDRA', '2017-11-06 12:31:32', NULL, NULL),
('M084', 'colenak', '', '40000', 'INDRA', '2017-11-06 12:31:32', NULL, NULL),
('M085', 'pisang goreng', '', '30000', 'INDRA', '2017-11-06 12:31:32', NULL, NULL),
('M086', 'pisang gulung', '', '45000', 'INDRA', '2017-11-06 12:31:32', NULL, NULL),
('M087', 'pisang tape jari', '', '30000', 'INDRA', '2017-11-06 12:31:32', NULL, NULL),
('M088', 'es/hot rempah wangi', '', '25000', 'INDRA', '2017-11-06 12:31:32', NULL, NULL),
('M089', 'es beras kencur', '', '25000', 'INDRA', '2017-11-06 12:31:32', NULL, NULL),
('M090', 'es gula asam lemon', '', '25000', 'INDRA', '2017-11-06 12:31:32', NULL, NULL),
('M091', 'es kelapa', '', '25000', 'INDRA', '2017-11-06 12:31:32', NULL, NULL),
('M092', 'es selasih mentimun', '', '25000', 'INDRA', '2017-11-06 12:31:32', NULL, NULL),
('M093', 'es cendol', '', '30000', 'INDRA', '2017-11-06 12:31:32', NULL, NULL),
('M094', 'es sirsak kelapa', '', '35000', 'INDRA', '2017-11-06 12:31:32', NULL, NULL),
('M095', 'wedang jahe', '', '25000', 'INDRA', '2017-11-06 12:31:32', NULL, NULL),
('M096', 'es campur', '', '35000', 'INDRA', '2017-11-06 12:31:32', NULL, NULL),
('M097', 'cocorange', '', '35000', 'INDRA', '2017-11-06 12:31:32', NULL, NULL),
('M098', 'coca cola', '', '25000', 'INDRA', '2017-11-06 12:31:32', NULL, NULL),
('M099', 'sprite', '', '25000', 'INDRA', '2017-11-06 12:31:32', NULL, NULL),
('M100', 'fanta', '', '25000', 'INDRA', '2017-11-06 12:31:32', NULL, NULL),
('M101', 'fresh orange juice', '', '30000', 'INDRA', '2017-11-06 12:31:32', NULL, NULL),
('M102', 'strawberry jc', '', '30000', 'INDRA', '2017-11-06 12:31:32', NULL, NULL),
('M103', 'watermellon jc', '', '30000', 'INDRA', '2017-11-06 12:31:32', NULL, NULL),
('M104', 'lime jc', '', '30000', 'INDRA', '2017-11-06 12:31:32', NULL, NULL),
('M105', 'honeydew jc', '', '30000', 'INDRA', '2017-11-06 12:31:32', NULL, NULL),
('M106', 'orange carrot', '', '35000', 'INDRA', '2017-11-06 12:31:32', NULL, NULL),
('M107', 'melon leci', '', '35000', 'INDRA', '2017-11-06 12:31:32', NULL, NULL),
('M108', 'apel wortel ', '', '35000', 'INDRA', '2017-11-06 12:31:32', NULL, NULL),
('M109', 'avocado jc', '', '35000', 'INDRA', '2017-11-06 12:31:32', NULL, NULL),
('M110', 'black coffee', '', '20000', 'INDRA', '2017-11-06 12:31:32', NULL, NULL),
('M111', 'coffee late', '', '28000', 'INDRA', '2017-11-06 12:31:32', NULL, NULL),
('M112', 'double espresso', '', '30000', 'INDRA', '2017-11-06 12:31:32', NULL, NULL),
('M113', 'espresso', '', '25000', 'INDRA', '2017-11-06 12:31:32', NULL, NULL),
('M114', 'ice/hot cappuchino', '', '30000', 'INDRA', '2017-11-06 12:31:32', NULL, NULL),
('M115', 'hot/ice chocolate', '', '30000', 'INDRA', '2017-11-06 12:31:32', NULL, NULL),
('M116', 'mineral water', '', '12000', 'INDRA', '2017-11-06 12:31:32', NULL, NULL),
('M117', 'ice tea', '', '15000', 'INDRA', '2017-11-06 12:31:32', NULL, NULL),
('M118', 'hot tea', '', '15000', 'INDRA', '2017-11-06 12:31:32', NULL, NULL),
('M119', 'hot/ice lemon tea', '', '15000', 'INDRA', '2017-11-06 12:31:32', NULL, NULL),
('M120', 'dilmah jasmine', '', '20000', 'INDRA', '2017-11-06 12:31:32', NULL, NULL),
('M121', 'dilmah grentea', '', '20000', 'INDRA', '2017-11-06 12:31:32', NULL, NULL),
('M122', 'bir bintang', '', '35000', 'INDRA', '2017-11-06 12:31:32', NULL, NULL),
('M123', 'es karang asem', '', '30000', 'INDRA', '2017-11-06 12:31:32', NULL, NULL),
('M124', 'katulistiwa', '', '30000', 'INDRA', '2017-11-06 12:31:32', NULL, NULL),
('M125', 'lazy strawberry', '', '30000', 'INDRA', '2017-11-06 12:31:32', NULL, NULL),
('M126', 'hijau daun', '', '30000', 'INDRA', '2017-11-06 12:31:32', NULL, NULL),
('M127', 'slush strawberry', '', '30000', 'INDRA', '2017-11-06 12:31:32', NULL, NULL),
('M128', 'vanilla blossom', '', '30000', 'INDRA', '2017-11-06 12:31:32', NULL, NULL),
('M129', 'double frezz chocolate', '', '30000', 'INDRA', '2017-11-06 12:31:32', NULL, NULL),
('M130', 'cheberry smoothies', '', '30000', 'INDRA', '2017-11-06 12:31:32', NULL, NULL),
('M131', 'bunga lawang package', '', '700000', 'INDRA', '2017-11-06 12:31:32', NULL, NULL),
('M132', 'kayu manis package', '', '800000', 'INDRA', '2017-11-06 12:31:32', NULL, NULL),
('M133', 'kapulaga package', '', '900000', 'INDRA', '2017-11-06 12:31:32', NULL, NULL),
('M134', 'meeting package halfday', '', '200000', 'INDRA', '2017-11-06 12:31:32', NULL, NULL),
('M135', 'meeting package fullday', '', '250000', 'INDRA', '2017-11-06 12:31:32', NULL, NULL),
('M136', 'banana fritters', '', '20000', 'INDRA', '2017-11-06 12:31:32', NULL, NULL),
('M137', 'putri ayu kahayan', '', '25000', 'INDRA', '2017-11-06 12:31:32', NULL, NULL),
('M138', 'chocolate cake', '', '35000', 'INDRA', '2017-11-06 12:31:32', NULL, NULL),
('M139', 'puding panacotta', '', '35000', 'INDRA', '2017-11-06 12:31:32', NULL, NULL),
('M140', 'wedang secang', '', '25000', 'INDRA', '2017-11-06 12:31:32', NULL, NULL),
('M141', 'peach tea', '', '28000', 'INDRA', '2017-11-06 12:31:32', NULL, NULL),
('M142', 'lychee tea', '', '28000', 'INDRA', '2017-11-06 12:31:32', NULL, NULL),
('M143', 'soda water', '', '25000', 'INDRA', '2017-11-06 12:31:32', NULL, NULL),
('M144', 'soda gembira', '', '25000', 'INDRA', '2017-11-06 12:31:32', NULL, NULL),
('M145', 'thai tea', '', '33000', 'INDRA', '2017-11-06 12:31:32', NULL, NULL),
('M146', 'macha late', '', '33000', 'INDRA', '2017-11-06 12:31:32', NULL, NULL),
('M147', 'es cincau hitam', '', '25000', 'INDRA', '2017-11-06 12:31:32', NULL, NULL),
('M148', 'es sekoteng', '', '30000', 'INDRA', '2017-11-06 12:31:32', NULL, NULL),
('M149', 'burger kahayan', '', '50000', 'INDRA', '2017-11-06 12:31:32', NULL, NULL),
('M150', 'patin asian rolls', '', '40000', 'INDRA', '2017-11-06 12:31:32', NULL, NULL),
('M151', 'fish & chips', '', '45000', 'INDRA', '2017-11-06 12:31:32', NULL, NULL),
('M152', 'chicken sandwich', '', '40000', 'INDRA', '2017-11-06 12:31:32', NULL, NULL),
('M153', 'chicken wings', '', '30000', 'INDRA', '2017-11-06 12:31:32', NULL, NULL),
('M154', 'french fries', '', '20000', 'INDRA', '2017-11-06 12:31:32', NULL, NULL),
('M155', 'red velvet latte', '', '38000', 'INDRA', '2017-11-06 12:31:32', NULL, NULL),
('M156', 'salted caramel latte', '', '38000', 'INDRA', '2017-11-06 12:31:32', NULL, NULL),
('M157', 'chocolate milkashake', '', '38000', 'INDRA', '2017-11-06 12:31:32', NULL, NULL),
('M158', 'vanilla milkshake', '', '38000', 'INDRA', '2017-11-06 12:31:32', NULL, NULL),
('M159', 'mint temptation', '', '33000', 'INDRA', '2017-11-06 12:31:32', NULL, NULL),
('M160', 'bloody mary', '', '33000', 'INDRA', '2017-11-06 12:31:32', NULL, NULL),
('M161', 'oreo cookie crumble', '', '35000', 'INDRA', '2017-11-06 12:31:32', NULL, NULL),
('M162', 'lemon squash', '', '27000', 'INDRA', '2017-11-06 12:31:32', NULL, NULL),
('M163', 'avocado coffee', '', '33000', 'INDRA', '2017-11-06 12:31:32', NULL, NULL),
('M164', 'hazelnut latte', '', '32000', 'INDRA', '2017-11-06 12:31:32', NULL, NULL),
('M165', 'caramel latte', '', '32000', 'INDRA', '2017-11-06 12:31:32', NULL, NULL),
('M166', 'mozelnut latte', '', '35000', 'INDRA', '2017-11-06 12:31:32', NULL, NULL),
('M167', 'coffee mocha', '', '32000', 'INDRA', '2017-11-06 12:31:32', NULL, NULL),
('M168', 'nutellacinno', '', '35000', 'INDRA', '2017-11-06 12:31:32', NULL, NULL),
('M169', 'Mixed Nugget', '', '30000', 'INDRA', '2017-11-06 12:31:32', NULL, NULL),
('M170', 'Sate Ayam Warisan', '', '60000', 'INDRA', '2017-11-06 12:31:32', NULL, NULL),
('M171', 'Patin Bumbu Rujak', '', '70000', 'INDRA', '2017-11-06 12:31:32', NULL, NULL),
('M172', 'Tumis Terong Daging Sapi', '', '50000', 'INDRA', '2017-11-06 12:31:32', NULL, NULL),
('M173', 'Nasi Goreng Istana', '', '47000', 'INDRA', '2017-11-06 12:31:32', NULL, NULL),
('M174', 'Cassava Stick', '', '10000', 'INDRA', '2017-11-06 12:31:32', NULL, NULL),
('M175', 'Yellow Rice', '', '10000', 'INDRA', '2017-11-06 12:31:32', NULL, NULL),
('M176', 'twinnings tea', '', '30000', 'INDRA', '2017-11-06 12:31:32', NULL, NULL),
('M177', 'ristretto', '', '23000', 'INDRA', '2017-11-06 12:31:32', NULL, NULL),
('M178', 'Long Black', '', '25000', 'INDRA', '2017-11-06 12:31:32', NULL, NULL),
('M179', 'Affogato', '', '30000', 'INDRA', '2017-11-06 12:31:32', NULL, NULL),
('M180', 'Macchiato', '', '28000', 'INDRA', '2017-11-06 12:31:32', NULL, NULL),
('M181', 'Caramel Machiato', '', '32000', 'INDRA', '2017-11-06 12:31:32', NULL, NULL),
('M182', 'Paket Petroek 1', '', '40000', 'INDRA', '2017-11-06 12:31:32', NULL, NULL),
('M183', 'Paket Petroek 2', '', '40000', 'INDRA', '2017-11-06 12:31:32', NULL, NULL),
('M184', 'Paket Bentani 1', '', '48000', 'INDRA', '2017-11-06 12:31:32', NULL, NULL),
('M185', 'Paket Bentani 2', '', '48000', 'INDRA', '2017-11-06 12:31:32', NULL, NULL),
('M186', 'Paket Zam 1', '', '45000', 'INDRA', '2017-11-06 12:31:32', NULL, NULL),
('M187', 'Paket Zam 2', '', '45000', 'INDRA', '2017-11-06 12:31:32', NULL, NULL),
('M188', 'Paket Kujang 1', '', '50000', 'INDRA', '2017-11-06 12:31:32', NULL, NULL),
('M189', 'Paket Kujang 2', '', '50000', 'INDRA', '2017-11-06 12:31:32', NULL, NULL),
('M190', 'Karedok', '', '40000', 'INDRA', '2017-11-06 12:31:32', NULL, NULL);

-- --------------------------------------------------------

--
-- Table structure for table `tm_parlevel`
--

CREATE TABLE `tm_parlevel` (
  `fs_kd_parent` varchar(2) NOT NULL,
  `fs_kd_child` varchar(4) NOT NULL,
  `fs_level` varchar(20) DEFAULT NULL,
  `fs_index` varchar(20) DEFAULT NULL
) ENGINE=InnoDB DEFAULT CHARSET=utf8;

--
-- Dumping data for table `tm_parlevel`
--

INSERT INTO `tm_parlevel` (`fs_kd_parent`, `fs_kd_child`, `fs_level`, `fs_index`) VALUES
('1', '', 'SUPERADMIN', '1'),
('1', '200', 'SUPERADMIN', '1'),
('1', '201', 'SUPERADMIN', '1'),
('1', '202', 'SUPERADMIN', '1'),
('10', '', 'SUPERADMIN', '1'),
('10', '400', 'SUPERADMIN', '1'),
('5', '', 'SUPERADMIN', '1'),
('5', '300', 'SUPERADMIN', '1'),
('5', '301', 'SUPERADMIN', '1'),
('5', '302', 'SUPERADMIN', '1'),
('5', '303', 'SUPERADMIN', '1'),
('1', '', 'KASIR', '1'),
('1', '201', 'KASIR', '1'),
('10', '', 'KASIR', '1'),
('10', '400', 'KASIR', '1'),
('5', '', 'KASIR', '1'),
('5', '300', 'KASIR', '1'),
('5', '302', 'KASIR', '1');

-- --------------------------------------------------------

--
-- Table structure for table `tm_pembayaran`
--

CREATE TABLE `tm_pembayaran` (
  `fs_kode_pembayaran` varchar(5) NOT NULL,
  `fs_nama_pembayaran` varchar(45) NOT NULL,
  `fs_aktif` enum('0','1') DEFAULT '1',
  `fs_user_buat` varchar(15) NOT NULL,
  `fd_tanggal_buat` datetime NOT NULL,
  `fs_user_edit` varchar(15) DEFAULT NULL,
  `fd_tanggal_edit` datetime DEFAULT NULL
) ENGINE=InnoDB DEFAULT CHARSET=utf8;

--
-- Dumping data for table `tm_pembayaran`
--

INSERT INTO `tm_pembayaran` (`fs_kode_pembayaran`, `fs_nama_pembayaran`, `fs_aktif`, `fs_user_buat`, `fd_tanggal_buat`, `fs_user_edit`, `fd_tanggal_edit`) VALUES
('CA', 'CASH', '1', 'INDRA', '2017-11-08 14:11:44', NULL, NULL),
('CC1', 'VISA CARD', '1', 'INDRA', '2017-11-08 11:06:27', NULL, NULL),
('CC2', 'MASTER CARD', '1', 'INDRA', '2017-11-08 14:11:32', NULL, NULL);

-- --------------------------------------------------------

--
-- Table structure for table `tm_referensi`
--

CREATE TABLE `tm_referensi` (
  `fs_kode_referensi` varchar(20) NOT NULL,
  `fs_nilai1_referensi` varchar(15) NOT NULL,
  `fs_nilai2_referensi` varchar(15) DEFAULT NULL,
  `fs_nama_referensi` varchar(50) NOT NULL,
  `fs_user_buat` varchar(15) NOT NULL,
  `fd_tanggal_buat` datetime NOT NULL,
  `fs_user_edit` varchar(15) NOT NULL,
  `fd_tanggal_edit` datetime NOT NULL
) ENGINE=InnoDB DEFAULT CHARSET=utf8;

--
-- Dumping data for table `tm_referensi`
--

INSERT INTO `tm_referensi` (`fs_kode_referensi`, `fs_nilai1_referensi`, `fs_nilai2_referensi`, `fs_nama_referensi`, `fs_user_buat`, `fd_tanggal_buat`, `fs_user_edit`, `fd_tanggal_edit`) VALUES
('kategori_menu', 'BP', '', 'BEEF & POULTRY', '', '0000-00-00 00:00:00', '', '0000-00-00 00:00:00'),
('kategori_menu', 'BV', '', 'BEVERAGE', '', '0000-00-00 00:00:00', '', '0000-00-00 00:00:00'),
('kategori_menu', 'DS', '', 'DESSERT', '', '0000-00-00 00:00:00', '', '0000-00-00 00:00:00'),
('kategori_menu', 'FS', '', 'FISH', '', '0000-00-00 00:00:00', '', '0000-00-00 00:00:00'),
('kategori_menu', 'OR', '', 'OXTAIL & RIBS', '', '0000-00-00 00:00:00', '', '0000-00-00 00:00:00'),
('kategori_menu', 'RN', '', 'RICE & NOODLE', '', '0000-00-00 00:00:00', '', '0000-00-00 00:00:00'),
('kategori_menu', 'SF', '', 'SEAFOOD', '', '0000-00-00 00:00:00', '', '0000-00-00 00:00:00'),
('kategori_menu', 'SP', '', 'SMALL PLATES', '', '0000-00-00 00:00:00', '', '0000-00-00 00:00:00'),
('kategori_menu', 'VT', '', 'VEGETABLES', '', '0000-00-00 00:00:00', '', '0000-00-00 00:00:00'),
('nomor_meja', '1', '', 'D14', '', '0000-00-00 00:00:00', '', '0000-00-00 00:00:00'),
('ppn', '0.1', '', '10 PERSEN', '', '0000-00-00 00:00:00', '', '0000-00-00 00:00:00'),
('service_charge', '0.055', '', '5.5 PERSEN', '', '0000-00-00 00:00:00', '', '0000-00-00 00:00:00');

-- --------------------------------------------------------

--
-- Table structure for table `tm_user`
--

CREATE TABLE `tm_user` (
  `fs_username` varchar(15) NOT NULL,
  `fs_password` varchar(50) NOT NULL,
  `fs_level_user` varchar(20) NOT NULL,
  `fd_last_login` datetime NOT NULL DEFAULT '0000-00-00 00:00:00',
  `fs_ip_address` varchar(15) DEFAULT NULL,
  `fs_aktif` set('0','1') NOT NULL DEFAULT '0',
  `fd_ganti_pass` datetime DEFAULT NULL,
  `fs_user_buat` varchar(15) NOT NULL,
  `fd_tanggal_buat` datetime NOT NULL,
  `fs_user_edit` varchar(15) DEFAULT NULL,
  `fd_tanggal_edit` datetime DEFAULT NULL
) ENGINE=InnoDB DEFAULT CHARSET=utf8;

--
-- Dumping data for table `tm_user`
--

INSERT INTO `tm_user` (`fs_username`, `fs_password`, `fs_level_user`, `fd_last_login`, `fs_ip_address`, `fs_aktif`, `fd_ganti_pass`, `fs_user_buat`, `fd_tanggal_buat`, `fs_user_edit`, `fd_tanggal_edit`) VALUES
('ANDREW', '79d0b25f760684f1f9249f1a1e104071', 'SUPERADMIN', '2017-11-06 10:20:16', '192.168.3.127', '1', NULL, 'INDRA', '2017-11-06 10:18:13', 'ANDREW', '2017-11-06 10:20:16'),
('CHRISTINE', '25dedea24075da65cac323185d3ed4a5', 'KASIR', '2017-11-09 11:48:27', '::1', '0', NULL, 'INDRA', '2017-11-09 11:48:13', 'CHRISTINE', '2017-11-09 11:48:27'),
('INDRA', '59a920b4b99558bcbed3fee8405e1042', 'SUPERADMIN', '2018-05-23 15:07:01', '::1', '1', NULL, 'INDRA', '2017-11-05 15:56:47', 'INDRA', '2018-05-23 15:07:01');

-- --------------------------------------------------------

--
-- Table structure for table `tx_order_detail`
--

CREATE TABLE `tx_order_detail` (
  `fs_no_order` varchar(9) NOT NULL,
  `fs_kode_menu` varchar(5) NOT NULL,
  `fn_qty` int(4) NOT NULL,
  `fn_harga` decimal(8,0) NOT NULL,
  `fn_itemtotal` decimal(8,0) NOT NULL,
  `fs_user_buat` varchar(15) NOT NULL,
  `fd_tanggal_buat` datetime NOT NULL
) ENGINE=InnoDB DEFAULT CHARSET=utf8;

--
-- Dumping data for table `tx_order_detail`
--

INSERT INTO `tx_order_detail` (`fs_no_order`, `fs_kode_menu`, `fn_qty`, `fn_harga`, `fn_itemtotal`, `fs_user_buat`, `fd_tanggal_buat`) VALUES
('1700001', 'M001', 2, '40000', '0', 'INDRA', '2017-11-08 15:14:00'),
('1700001', 'M011', 3, '45000', '0', 'INDRA', '2017-11-08 15:14:00'),
('1700001', 'M012', 1, '25000', '0', 'INDRA', '2017-11-08 15:14:00'),
('1700001', 'M010', 5, '45000', '0', 'INDRA', '2017-11-08 15:14:00'),
('1700002', 'M003', 1, '42000', '0', 'INDRA', '2017-11-08 15:50:16'),
('1700002', 'M006', 2, '40000', '0', 'INDRA', '2017-11-08 15:50:16'),
('1700002', 'M013', 3, '25000', '0', 'INDRA', '2017-11-08 15:50:16'),
('1700003', 'M002', 2, '40000', '0', 'INDRA', '2017-11-08 16:02:35'),
('1700003', 'M012', 2, '25000', '0', 'INDRA', '2017-11-08 16:02:35'),
('1700003', 'M014', 2, '65000', '0', 'INDRA', '2017-11-08 16:02:35'),
('1700004', 'M005', 1, '30000', '0', 'INDRA', '2017-11-08 16:07:14'),
('1700004', 'M009', 10, '40000', '0', 'INDRA', '2017-11-08 16:07:14'),
('1700004', 'M012', 3, '25000', '0', 'INDRA', '2017-11-08 16:07:14'),
('1700005', 'M008', 2, '40000', '80000', 'INDRA', '2017-11-09 09:41:36'),
('1700005', 'M010', 5, '45000', '225000', 'INDRA', '2017-11-09 09:41:37'),
('1700006', 'M007', 6, '35000', '210000', 'INDRA', '2017-11-09 10:24:56'),
('1700006', 'M013', 5, '25000', '125000', 'INDRA', '2017-11-09 10:24:56'),
('1700007', 'M003', 1, '42000', '42000', 'INDRA', '2017-11-09 11:41:20'),
('1700007', 'M002', 2, '40000', '80000', 'INDRA', '2017-11-09 11:41:20'),
('1700007', 'M013', 3, '25000', '75000', 'INDRA', '2017-11-09 11:41:20'),
('1700008', 'M009', 3, '40000', '120000', 'INDRA', '2017-11-09 13:45:18'),
('1700008', 'M148', 2, '30000', '60000', 'INDRA', '2017-11-09 13:45:18'),
('1700009', 'M007', 1, '35000', '35000', 'INDRA', '2017-11-09 13:48:40'),
('1700010', 'M010', 1, '45000', '45000', 'INDRA', '2017-11-09 13:51:52'),
('1700010', 'M009', 2, '40000', '80000', 'INDRA', '2017-11-09 13:51:52'),
('1700011', 'M007', 1, '35000', '35000', 'INDRA', '2017-11-09 13:58:55'),
('1700012', 'M008', 1, '40000', '40000', 'INDRA', '2017-11-09 14:00:52'),
('1700013', 'M009', 7, '40000', '280000', 'INDRA', '2017-11-09 14:18:22'),
('1700014', 'M172', 2, '50000', '100000', 'INDRA', '2017-11-09 14:31:20'),
('1700014', 'M024', 1, '65000', '65000', 'INDRA', '2017-11-09 14:31:20'),
('1700014', 'M041', 3, '45000', '135000', 'INDRA', '2017-11-09 14:31:20'),
('1700015', 'M002', 3, '40000', '120000', 'INDRA', '2017-11-09 15:47:28'),
('1700015', 'M005', 2, '30000', '60000', 'INDRA', '2017-11-09 15:47:28'),
('1700016', 'M001', 2, '40000', '80000', 'INDRA', '2017-12-18 14:42:40'),
('1700017', 'M005', 2, '30000', '60000', 'INDRA', '2018-05-23 15:08:27');

-- --------------------------------------------------------

--
-- Table structure for table `tx_order_header`
--

CREATE TABLE `tx_order_header` (
  `fs_no_order` varchar(9) NOT NULL,
  `fs_nama_tamu` varchar(45) NOT NULL,
  `fs_no_meja` varchar(5) DEFAULT NULL,
  `fn_jumlah_tamu` int(3) DEFAULT NULL,
  `fs_kode_pembayaran` varchar(5) NOT NULL,
  `fn_subtotal` decimal(9,0) NOT NULL,
  `fn_serv_charge` decimal(7,0) NOT NULL,
  `fn_ppn` decimal(7,0) NOT NULL,
  `fn_total_bill` decimal(10,0) NOT NULL,
  `fn_persen_diskon` decimal(2,0) DEFAULT NULL,
  `fn_nominal_diskon` decimal(10,0) DEFAULT NULL,
  `fn_uang_bayar` decimal(9,0) NOT NULL,
  `fn_uang_kembali` decimal(9,0) NOT NULL,
  `fs_user_buat` varchar(15) NOT NULL,
  `fd_tanggal_buat` datetime NOT NULL,
  `fs_user_edit` varchar(15) DEFAULT NULL,
  `fd_tanggal_edit` datetime DEFAULT NULL
) ENGINE=InnoDB DEFAULT CHARSET=utf8;

--
-- Dumping data for table `tx_order_header`
--

INSERT INTO `tx_order_header` (`fs_no_order`, `fs_nama_tamu`, `fs_no_meja`, `fn_jumlah_tamu`, `fs_kode_pembayaran`, `fn_subtotal`, `fn_serv_charge`, `fn_ppn`, `fn_total_bill`, `fn_persen_diskon`, `fn_nominal_diskon`, `fn_uang_bayar`, `fn_uang_kembali`, `fs_user_buat`, `fd_tanggal_buat`, `fs_user_edit`, `fd_tanggal_edit`) VALUES
('1700001', 'UMUM', '1', 2, 'CA', '465000', '25575', '46500', '537075', NULL, NULL, '600000', '62925', 'INDRA', '2017-11-08 15:14:00', NULL, NULL),
('1700002', 'UMUM', '1', 2, 'CA', '197000', '10835', '19700', '227535', NULL, NULL, '300000', '72465', 'INDRA', '2017-11-08 15:50:16', NULL, NULL),
('1700003', 'UMUM', '1', 4, 'CC2', '260000', '14300', '26000', '300300', NULL, NULL, '310000', '9700', 'INDRA', '2017-11-08 16:02:35', NULL, NULL),
('1700004', 'ANDREW', '1', 4, 'CA', '505000', '27775', '50500', '583275', NULL, NULL, '600000', '16725', 'INDRA', '2017-11-08 16:07:14', NULL, NULL),
('1700005', 'UMUM', '1', 3, 'CA', '305000', '16775', '30500', '352275', NULL, NULL, '0', '0', 'INDRA', '2017-11-09 09:41:37', NULL, NULL),
('1700006', 'UMUM', '1', 3, 'CC1', '335000', '18425', '33500', '386925', NULL, NULL, '386925', '0', 'INDRA', '2017-11-09 10:24:56', NULL, NULL),
('1700007', 'BENNY', '1', 2, 'CA', '197000', '10835', '19700', '227535', NULL, NULL, '300000', '72465', 'INDRA', '2017-11-09 11:41:20', NULL, NULL),
('1700008', 'UMUM', '1', 2, 'CA', '180000', '9900', '18000', '207900', NULL, NULL, '210000', '2100', 'INDRA', '2017-11-09 13:43:55', NULL, NULL),
('1700009', 'UMUM', '1', 1, 'CA', '35000', '1925', '3500', '40425', NULL, NULL, '40500', '75', 'INDRA', '2017-11-09 13:48:40', NULL, NULL),
('1700010', 'UMUM', '1', 2, 'CA', '125000', '6875', '12500', '144375', NULL, NULL, '150000', '5625', 'INDRA', '2017-11-09 13:51:52', NULL, NULL),
('1700011', 'UMUM', '1', 2, 'CC1', '35000', '1925', '3500', '40425', NULL, NULL, '0', '0', 'INDRA', '2017-11-09 13:54:17', NULL, NULL),
('1700012', 'UMUM', '1', 1, 'CA', '40000', '2200', '4000', '46200', NULL, NULL, '0', '0', 'INDRA', '2017-11-09 14:00:52', NULL, NULL),
('1700013', 'UMUM', '1', 1, 'CA', '280000', '15400', '28000', '323400', NULL, NULL, '330000', '6600', 'INDRA', '2017-11-09 14:18:22', NULL, NULL),
('1700014', 'UMUM', '1', 2, 'CC1', '300000', '16500', '30000', '346500', NULL, NULL, '0', '0', 'INDRA', '2017-11-09 14:31:20', NULL, NULL),
('1700015', 'UMUM', '1', 2, 'CA', '180000', '9900', '18000', '207900', NULL, NULL, '300000', '92100', 'INDRA', '2017-11-09 15:47:28', NULL, NULL),
('1700016', 'UMUM', '1', 4, 'CA', '80000', '4400', '8440', '92840', NULL, NULL, '100000', '7160', 'INDRA', '2017-12-18 14:42:40', NULL, NULL),
('1700017', 'UMUM', '1', 23, 'CC1', '60000', '3300', '6330', '69630', NULL, NULL, '0', '0', 'INDRA', '2018-05-23 15:08:27', NULL, NULL);

--
-- Indexes for dumped tables
--

--
-- Indexes for table `captcha`
--
ALTER TABLE `captcha`
  ADD PRIMARY KEY (`captcha_id`),
  ADD KEY `word` (`word`);

--
-- Indexes for table `ci_sessions`
--
ALTER TABLE `ci_sessions`
  ADD PRIMARY KEY (`id`),
  ADD KEY `ci_sessions_timestamp` (`timestamp`);

--
-- Indexes for table `config_email`
--
ALTER TABLE `config_email`
  ADD PRIMARY KEY (`email_id`);

--
-- Indexes for table `tb_log`
--
ALTER TABLE `tb_log`
  ADD PRIMARY KEY (`log_time`);

--
-- Indexes for table `tg_menu`
--
ALTER TABLE `tg_menu`
  ADD PRIMARY KEY (`id_menu`);

--
-- Indexes for table `tm_menu`
--
ALTER TABLE `tm_menu`
  ADD PRIMARY KEY (`fs_kode_menu`);

--
-- Indexes for table `tm_pembayaran`
--
ALTER TABLE `tm_pembayaran`
  ADD PRIMARY KEY (`fs_kode_pembayaran`);

--
-- Indexes for table `tm_referensi`
--
ALTER TABLE `tm_referensi`
  ADD PRIMARY KEY (`fs_kode_referensi`,`fs_nilai1_referensi`);

--
-- Indexes for table `tm_user`
--
ALTER TABLE `tm_user`
  ADD PRIMARY KEY (`fs_username`);

--
-- Indexes for table `tx_order_header`
--
ALTER TABLE `tx_order_header`
  ADD PRIMARY KEY (`fs_no_order`);

--
-- AUTO_INCREMENT for dumped tables
--

--
-- AUTO_INCREMENT for table `captcha`
--
ALTER TABLE `captcha`
  MODIFY `captcha_id` bigint(13) UNSIGNED NOT NULL AUTO_INCREMENT, AUTO_INCREMENT=56;
/*!40101 SET CHARACTER_SET_CLIENT=@OLD_CHARACTER_SET_CLIENT */;
/*!40101 SET CHARACTER_SET_RESULTS=@OLD_CHARACTER_SET_RESULTS */;
/*!40101 SET COLLATION_CONNECTION=@OLD_COLLATION_CONNECTION */;
